Smileys & Emotion	😀	grinning face | cheerful | cheery | face | grin | grinning | happy | laugh | nice | smile | smiling | teeth | grijnzend gezicht | blij | fijn | gezicht | glimlachen | grijns | grijnzend | lach | lachen | leuk | tanden | vrolijk
Smileys & Emotion	😃	grinning face with big eyes | awesome | big | eyes | face | grin | grinning | happy | mouth | open | smile | smiling | teeth | yay | grijnzend gezicht met grote ogen | blij | gaaf | gezicht | glimlachen | grijns | grijnzend | groot | joepie | lach | mond | ogen | tanden
Smileys & Emotion	😄	grinning face with smiling eyes | eye | eyes | face | grin | grinning | happy | laugh | lol | mouth | open | smile | smiling | grijnzend gezicht met lachende ogen | blij | gezicht | glimlachen | grijns | grijnzend | lach | lachen | mond | ogen | oog
Smileys & Emotion	😁	beaming face with smiling eyes | beaming | eye | eyes | face | grin | grinning | happy | nice | smile | smiling | teeth | stralend gezicht met lachende ogen | blij | fijn | gezicht | glimlachen | grijns | grijnzend | lach | ogen | oog | stralend | tanden
Smileys & Emotion	😆	grinning squinting face | closed | eyes | face | grinning | haha | hahaha | happy | laugh | lol | mouth | open | rofl | smile | smiling | squinting | grijnzend gezicht met stijf dichtgeknepen ogen | blij | gesloten | gezicht | glimlachen | grijnzend | lach | lachen | mond | ogen | scheelzien
Smileys & Emotion	😅	grinning face with sweat | cold | dejected | excited | face | grinning | mouth | nervous | open | smile | smiling | stress | stressed | sweat | grijnzend gezicht met zweetdruppels | gestrest | gezicht | glimlachen | grijnzend | koud | lach | mond | neerslachtig | nerveus | opgewonden | zweet
Smileys & Emotion	🤣	rolling on the floor laughing | crying | face | floor | funny | haha | happy | hehe | hilarious | joy | laugh | lmao | lol | rofl | roflmao | rolling | tear | gezicht dat op de grond rolt van het lachen | blij | gezicht | grappig | hilarisch | huilen | lachen | rollen | traan | vloer | vreugde
Smileys & Emotion	😂	face with tears of joy | crying | face | feels | funny | haha | happy | hehe | hilarious | joy | laugh | lmao | lol | rofl | roflmao | tear | gezicht met tranen van vreugde | blij | gevoelens | gezicht | grappig | hilarisch | huilen | lachen | traan | vreugde
Smileys & Emotion	🙂	slightly smiling face | face | happy | slightly | smile | smiling | enigszins lachend gezicht | blij | enigszins | gezicht | glimlachen | lach
Smileys & Emotion	🙃	upside-down face | face | hehe | smile | upside-down | omgekeerd gezicht | gezicht | glimlach | omgekeerd
Smileys & Emotion	🫠	melting face | disappear | dissolve | embarrassed | face | haha | heat | hot | liquid | lol | melt | melting | sarcasm | sarcastic | smeltend gezicht | beschaamd | gezicht | heet | oplossen | sarcasme | sarcastisch | smelt | smelten | verdwijnen | vloeibaar | warm
Smileys & Emotion	😉	winking face | face | flirt | heartbreaker | sexy | slide | tease | wink | winking | winks | knipogend gezicht | flirten | gezicht | hartenbreker | knipogen | knipoog | knipoogt | plagerij | zwoel
Smileys & Emotion	😊	smiling face with smiling eyes | blush | eye | eyes | face | glad | satisfied | smile | smiling | lachend gezicht met lachende ogen | blozen | gelukkig | gezicht | glimlach | glimlachen | ogen | oog | tevreden
Smileys & Emotion	😇	smiling face with halo | angel | angelic | angels | blessed | face | fairy | fairytale | fantasy | halo | happy | innocent | peaceful | smile | smiling | spirit | tale | lachend gezicht met halo | blij | elfje | engel | engelachtig | engelen | fantasie | geest | gezegend | gezicht | glimlach | glimlachen | onschuldig | sprookje | stralenkrans | verhaal | vredig
Smileys & Emotion	🥰	smiling face with hearts | 3 | adore | crush | face | heart | hearts | ily | love | romance | smile | smiling | you | lachend gezicht met hartjes | dol | gezicht | glimlach | glimlachen | hart | hartjes | hou van jou | jou | liefde | romantiek
Smileys & Emotion	😍	smiling face with heart-eyes | 143 | bae | eye | face | feels | heart-eyes | hearts | ily | kisses | love | romance | romantic | smile | xoxo | lachend gezicht met hartvormige ogen | gevoelens | gezicht | hartjes | hartjesogen | kussen | lach | liefde | oog | romantiek | schatje
Smileys & Emotion	🤩	star-struck | excited | eyes | face | grinning | smile | star | starry-eyed | wow | sterren in de ogen | gezicht | grijnzend | lach | ogen | opgewonden | ster | sterren als ogen | wauw
Smileys & Emotion	😘	face blowing a kiss | adorbs | bae | blowing | face | flirt | heart | ily | kiss | love | lover | miss | muah | romantic | smooch | xoxo | you | gezicht dat kus toeblaast | flirten | gezicht | hartje | kus | kusje blazen | kussen | romantiek | smiley | zoen
Smileys & Emotion	😗	kissing face | 143 | date | dating | face | flirt | ily | kiss | love | smooch | smooches | xoxo | you | kussend gezicht | afspraakje | gezicht | hou van jou | hvj | kus | kussen | smiley | zoen
Smileys & Emotion	☺️	smiling face | face | happy | outlined | relaxed | smile | smiling | lachend gezicht | blij | gezicht | lach | lachen | omtrek | ontspannen
Smileys & Emotion	😚	kissing face with closed eyes | 143 | bae | blush | closed | date | dating | eye | eyes | face | flirt | ily | kisses | kissing | smooches | xoxo | kussend gezicht met gesloten ogen | blosjes | blozen | gesloten | gesloten ogen | gezicht | kus | kussend gezicht met ogen dicht | oog | rode wangen | smiley | zoen
Smileys & Emotion	😙	kissing face with smiling eyes | 143 | closed | date | dating | eye | eyes | face | flirt | ily | kiss | kisses | kissing | love | night | smile | smiling | kussend gezicht met lachende ogen | afspraakje | daten | flirten | gesloten | gezicht | ik hou van je | kus | kussen | kussend | lach | lachen | liefde | nacht | ogen | oog
Smileys & Emotion	🥲	smiling face with tear | face | glad | grateful | happy | joy | pain | proud | relieved | smile | smiley | smiling | tear | touched | lachend gezicht met traan | aangedaan | blij | dankbaar | enigszins lachend | gelukkig | opgelucht | traan | trots
Smileys & Emotion	😋	face savoring food | delicious | eat | face | food | full | hungry | savor | smile | smiling | tasty | um | yum | yummy | lachend gezicht dat lippen likt | genieten | gezicht | glimlach | jammie | lachend gezicht | lekker | mmm | smiley | smullen
Smileys & Emotion	😛	face with tongue | awesome | cool | face | nice | party | stuck-out | sweet | tongue | gezicht met uitgestoken tong | gezicht | gezicht met uitgestoken tong en open ogen | grapje | grappig | ontdeugend | smiley | tong | tong uitsteken | uitgesteken tong
Smileys & Emotion	😜	winking face with tongue | crazy | epic | eye | face | funny | joke | loopy | nutty | party | stuck-out | tongue | wacky | weirdo | wink | winking | yolo | knipoog met uitgestoken tong | gezicht | gezicht met uitgestoken tong en knipoog | grap | grapjas | knipoog | oog | plagen | smiley | tong
Smileys & Emotion	🤪	zany face | crazy | eye | eyes | face | goofy | large | small | zany | gek gezicht | gekke blik | gestoord | groot | klein | oog | smiley
Smileys & Emotion	😝	squinting face with tongue | closed | eye | eyes | face | gross | horrible | omg | squinting | stuck-out | taste | tongue | whatever | yolo | gezicht met uitgestoken tong en dichtgeknepen ogen | bah | dichte ogen | gezicht | oog | smaak | smerig | smiley | tong | uitgestoken tong | vies | vreselijk
Smileys & Emotion	🤑	money-mouth face | face | money | money-mouth | mouth | paid | gezicht met geld in de mond | betaald | geld | geldmond | gezicht | mond
Smileys & Emotion	🤗	smiling face with open hands | face | hands | hug | hugging | open | smiling | blij gezicht met uitgestoken handen | blij | gezicht | handen | knuffel | knuffelen | uitgestoken
Smileys & Emotion	🤭	face with hand over mouth | face | giggle | giggling | hand | mouth | oops | realization | secret | shock | sudden | surprise | whoops | gezicht met hand over de mond | geheim | geschrokken | gezicht met hand over mond | giechelen | oeps | smiley | verrast
Smileys & Emotion	🫢	face with open eyes and hand over mouth | amazement | awe | disbelief | embarrass | eyes | face | gasp | hand | mouth | omg | open | over | quiet | scared | shock | surprise | gezicht met open ogen en hand voor mond | bang | geschokt | gezicht met open ogen en hand over de mond | ongeloof | ontzag | schaamte | smiley | verbazing | verrassing
Smileys & Emotion	🫣	face with peeking eye | captivated | embarrass | eye | face | hide | hiding | peek | peeking | peep | scared | shy | stare | gezicht met glurend oog | geboeid | gluren | smiley | spieken | staren | stiekem | stiekem kijken
Smileys & Emotion	🤫	shushing face | face | quiet | shh | shush | shushing | gezicht dat tot stilte maant | gezicht | manen | sst | stil | stilte
Smileys & Emotion	🤔	thinking face | chin | consider | face | hmm | ponder | pondering | thinking | wondering | nadenkend gezicht | afvragen | denken | gezicht | kin | nadenken | nadenkend | overwegen
Smileys & Emotion	🫡	saluting face | face | good | luck | ma’am | ok | respect | salute | saluting | sir | troops | yes | saluerend gezicht | bevel | ja | oké | saluut | smiley | troepen | zonnig
Smileys & Emotion	🤐	zipper-mouth face | face | keep | mouth | quiet | secret | shut | zip | zipper | zipper-mouth | gezicht met een rits als mond | dicht | geheim | gezicht | houden | mond | rits | rits als mond | stil | zwijg
Smileys & Emotion	🤨	face with raised eyebrow | disapproval | disbelief | distrust | emoji | eyebrow | face | hmm | mild | raised | skeptic | skeptical | skepticism | surprise | what | gezicht met opgeheven wenkbrauw | afkeurend | frons | gezicht met opgetrokken wenkbrauw | ongeloof | sceptisch | skeptisch | smiley | verrassing | wantrouwen | wantrouwend | wat
Smileys & Emotion	😐	neutral face | awkward | blank | deadpan | expressionless | face | fine | jealous | meh | neutral | oh | shade | straight | unamused | unhappy | unimpressed | whatever | neutraal gezicht | geen commentaar | gezicht | jaloers | neutraal | niet leuk | ongemakkelijk | pokerface | pokergezicht | uitdrukkingsloos | uitgestreken
Smileys & Emotion	😑	expressionless face | awkward | dead | expressionless | face | fine | inexpressive | jealous | meh | not | oh | omg | straight | uh | unhappy | unimpressed | whatever | uitdrukkingsloos gezicht | dichtgeknepen | geen commentaar | geen uitdrukking | gezicht | jaloers | lame | ontevreden | smiley | tegenzin | ugh | uitdrukkingsloos | vooruit | wtf
Smileys & Emotion	😶	face without mouth | awkward | blank | expressionless | face | mouth | mouthless | mute | quiet | secret | silence | silent | speechless | gezicht zonder mond | geen mond | geheim | gezicht | mond | niets zeggen | persoon | rustig | smiley | sprakeloos | stil | zwijgen
Smileys & Emotion	🫥	dotted line face | depressed | disappear | dotted | face | hidden | hide | introvert | invisible | line | meh | whatever | wtv | gezicht in stippellijn | depressief | depri | gedeprimeerd | onzichtbaar | smiley | verbergen | verdwijnen
Smileys & Emotion	😶‍🌫️	face in clouds | absentminded | clouds | face | fog | head | gezicht in de wolken | afwezig | gezicht in de mist | hoofd in de wolken
Smileys & Emotion	😏	smirking face | boss | dapper | face | flirt | homie | kidding | leer | shade | slick | sly | smirk | smug | snicker | suave | suspicious | swag | gniffelend gezicht | arrogant | flirten | gezicht | gezicht met grote grijns | gladjes | gniffelen | grijnzen | schuin | smiley | vol van zichzelf | wenkbrauwen
Smileys & Emotion	😒	unamused face | ... | bored | face | fine | jealous | jel | jelly | pissed | smh | ugh | uhh | unamused | unhappy | weird | whatever | chagrijnig gezicht | boos | ehm | gezicht | jaloers | niet blij | niet leuk | ongelukkig | smiley | verveeld
Smileys & Emotion	🙄	face with rolling eyes | eyeroll | eyes | face | rolling | shade | ugh | whatever | gezicht met rollende ogen | gezicht | ogen | rollen | rollen met de ogen | schaduw | wat dan ook
Smileys & Emotion	😬	grimacing face | awk | awkward | dentist | face | grimace | grimacing | grinning | smile | smiling | gezicht met grimas | gezicht | grimas | grimasgezicht | grinniken | niks | oeps | ongemakkelijk | smiley | tanden op elkaar
Smileys & Emotion	😮‍💨	face exhaling | blow | blowing | exhale | exhaling | exhausted | face | gasp | groan | relief | sigh | smiley | smoke | whisper | whistle | gezicht dat uitademt | blazen | fluisteren | fluiten | kreunen | naar adem snakken | opgelucht | roken | rook | uitademen | uitgeput
Smileys & Emotion	🤥	lying face | face | liar | lie | lying | pinocchio | liegend gezicht | gezicht | leugen | leugenaar | liegen | pinokkio
Smileys & Emotion	🫨	shaking face | crazy | daze | earthquake | face | omg | panic | shaking | shock | surprise | vibrate | whoa | wow | schuddend gezicht | aardbeving | gek | gezicht | paniek | schok | schudden | trillen | verbijstering | verrassing | wauw
Smileys & Emotion	🙂‍↔️	head shaking horizontally | head | horizontally | no | shake | shaking | hoofd dat horizontaal beweegt | nee | schudden
Smileys & Emotion	🙂‍↕️	head shaking vertically | head | nod | shaking | vertically | yes | hoofd dat verticaal beweegt | ja | knikken
Smileys & Emotion	😌	relieved face | calm | face | peace | relief | relieved | zen | opgelucht gezicht | gezicht | kalmte | opgelucht | opluchting | vrede
Smileys & Emotion	😔	pensive face | awful | bored | dejected | died | disappointed | face | losing | lost | pensive | sad | sucks | peinzend gezicht | afgewezen | balen | gezicht | moedeloos | peinzend | smiley | teleurgesteld | terneergeslagen | triest | verdrietig | verloren
Smileys & Emotion	😪	sleepy face | crying | face | good | night | sad | sleep | sleeping | sleepy | tired | slaperig gezicht | gezicht | huilen | slaap | smiley | traan
Smileys & Emotion	🤤	drooling face | drooling | face | kwijlend gezicht | gezicht | kwijlend
Smileys & Emotion	😴	sleeping face | bed | bedtime | face | good | goodnight | nap | night | sleep | sleeping | tired | whatever | yawn | zzz | slapend gezicht | bedtijd | dutje | gapen | gezicht | moe | slaap | slaap lekker | slapen | smiley | vermoeid | welterusten
Smileys & Emotion	😷	face with medical mask | cold | dentist | dermatologist | doctor | dr | face | germs | mask | medical | medicine | sick | gezicht met doktersmasker | besmet | dokter | doktersmasker | gezicht | gezicht met masker | koud | masker | medicijn | medisch masker | smiley | virus | ziek
Smileys & Emotion	🤒	face with thermometer | face | ill | sick | thermometer | gezicht met thermometer | gezicht | niet lekker | ziek
Smileys & Emotion	🤕	face with head-bandage | bandage | face | head-bandage | hurt | injury | ouch | gezicht met een verband om het hoofd | gewond | gezicht | gezicht met hoofdverband | pijn | verband | verwonding
Smileys & Emotion	🤢	nauseated face | face | gross | nasty | nauseated | sick | vomit | misselijk gezicht | gadver | gezicht | misselijk | overgeven | vies | ziek
Smileys & Emotion	🤮	face vomiting | barf | ew | face | gross | puke | sick | spew | throw | up | vomit | vomiting | brakend gezicht | braaksel | braken | misselijk | overgeven | spuwen | walgelijk | ziek
Smileys & Emotion	🤧	sneezing face | face | fever | flu | gesundheit | sick | sneeze | sneezing | niezend gezicht | gezicht | gezondheid | griep | koorts | niezen | niezend | ziek
Smileys & Emotion	🥵	hot face | dying | face | feverish | heat | hot | panting | red-faced | stroke | sweating | tongue | heet gezicht | beroerte | gezicht | heet | hijgen | hitte | koortsig | rood gezicht | sterven | tong | zweten
Smileys & Emotion	🥶	cold face | blue | blue-faced | cold | face | freezing | frostbite | icicles | subzero | teeth | koud gezicht | bevriezen | bevriezing | blauw | gezicht | ijspegels | koud | onder nul | tanden
Smileys & Emotion	🥴	woozy face | dizzy | drunk | eyes | face | intoxicated | mouth | tipsy | uneven | wavy | woozy | wazig gezicht | aangeschoten | beneveld | beschonken | dronken | duizelig | gezicht | mond | ogen | scheel | wazig
Smileys & Emotion	😵	face with crossed-out eyes | crossed-out | dead | dizzy | eyes | face | feels | knocked | out | sick | tired | duizelig gezicht | dood | duizelig | gezicht | gezicht met mond open en kruisjes als ogen | smiley | ziek
Smileys & Emotion	😵‍💫	face with spiral eyes | confused | dizzy | eyes | face | hypnotized | omg | smiley | spiral | trouble | whoa | woah | woozy | gezicht met spiraalvormige ogen | dronken | duizelig | gehypnotiseerd | probleem | spiraalvormig | stoned | verward | wow
Smileys & Emotion	🤯	exploding head | blown | explode | exploding | head | mind | mindblown | no | shocked | way | ontploffend hoofd | exploderen | geschokt | ondersteboven | onmogelijk | smiley | verbaasd | verbijsterd | verrast | wow
Smileys & Emotion	🤠	cowboy hat face | cowboy | cowgirl | face | hat | gezicht met cowboyhoed | gezicht | hoed
Smileys & Emotion	🥳	partying face | bday | birthday | celebrate | celebration | excited | face | happy | hat | hooray | horn | party | partying | feestend gezicht | feest | feesten | fuif | gelukkig | gezicht | hoed | hoera | opgewonden | roltong | verjaardag | vieren | viering
Smileys & Emotion	🥸	disguised face | disguise | eyebrow | face | glasses | incognito | moustache | mustache | nose | person | spy | tache | tash | vermomd gezicht | bril | gezicht | neus | smiley | snor | vermomming | wenkbrauwen
Smileys & Emotion	😎	smiling face with sunglasses | awesome | beach | bright | bro | chilling | cool | face | rad | relaxed | shades | slay | smile | style | sunglasses | swag | win | lachend gezicht met zonnebril | bril | chillen | gaaf | geweldig | gezicht | glimlach | ontspannen | stijl | stoer | strand | zonnebril
Smileys & Emotion	🤓	nerd face | brainy | clever | expert | face | geek | gifted | glasses | intelligent | nerd | smart | nerdgezicht | gezicht | gezicht met bril en tanden | nerderig | smiley
Smileys & Emotion	🧐	face with monocle | classy | face | fancy | monocle | rich | stuffy | wealthy | gezicht met monocle | chic | gezicht | klasse | rijk | saai
Smileys & Emotion	😕	confused face | befuddled | confused | confusing | dunno | face | frown | hm | meh | not | sad | sorry | sure | verward gezicht | gezicht | hmm | ik weet het niet | in de war | ontevreden | peinzend | smiley | teleurgesteld | uhm | verward
Smileys & Emotion	🫤	face with diagonal mouth | confused | confusion | diagonal | disappointed | doubt | doubtful | face | frustrated | frustration | meh | mouth | skeptical | unsure | whatever | wtv | gezicht met schuine mond | gefrustreerd | het zal wel | onzeker | sceptisch | smiley | teleurgesteld
Smileys & Emotion	😟	worried face | anxious | butterflies | face | nerves | nervous | sad | stress | stressed | surprised | worried | worry | bezorgd gezicht | bedroefd | bezorgd | gestresst | gezicht | nerveus | smiley | triest | zenuwen | zorgen
Smileys & Emotion	🙁	slightly frowning face | face | frown | frowning | sad | slightly | licht fronsend gezicht | fronsen | fronsend | gezicht | licht | verdrietig
Smileys & Emotion	☹️	frowning face | face | frown | frowning | sad | fronsend gezicht | fronsen | fronsend | gezicht | verdrietig
Smileys & Emotion	😮	face with open mouth | believe | face | forgot | mouth | omg | open | shocked | surprised | sympathy | unbelievable | unreal | whoa | wow | you | gezicht met open mond | geschokt | geschrokken | gezicht | mond | oeps | ongelofelijk | ongelooflijk | smiley | sympathie | vergeten | wauw
Smileys & Emotion	😯	hushed face | epic | face | hushed | omg | stunned | surprised | whoa | woah | verstomd gezicht | geschokt | gezicht | smiley | verbaasd | verrast | verstomd | wauw | wow
Smileys & Emotion	😲	astonished face | astonished | cost | face | no | omg | shocked | totally | way | verbaasd gezicht | geschokt | gezicht | kosten | nee | totaal | verbaasd
Smileys & Emotion	😳	flushed face | amazed | awkward | crazy | dazed | dead | disbelief | embarrassed | face | flushed | geez | heat | hot | impressed | jeez | what | wow | blozend gezicht | beschaamd | blozend | dood | gek | gezicht | heet | hitte | jeetje | onder de indruk | ongeloof | ongemakkelijk | sjonge | verbaasd | verbijsterd | wat | wauw
Smileys & Emotion	🥺	pleading face | begging | big | eyes | face | mercy | not | pleading | please | pretty | puppy | sad | why | smekend gezicht | alsjeblieft | genade | gezicht | grote ogen | smeken | smekende blik | smiley | verdrietig | waarom niet | zielig gezicht
Smileys & Emotion	🥹	face holding back tears | admiration | aww | back | cry | embarrassed | face | feelings | grateful | gratitude | holding | joy | please | proud | resist | sad | tears | gezicht dat tranen tegenhoudt | alsjeblieft | beschaamd | bewondering | dankbaar | dankbaarheid | gevoelens | gezicht | houden | huilen | tegen | tranen | trots | verdrietig | vreugde | weerstaan
Smileys & Emotion	😦	frowning face with open mouth | caught | face | frown | frowning | guard | mouth | open | scared | scary | surprise | what | wow | fronsend gezicht met open mond | bang | betrapt | eng | frons | fronsen | gezicht | hoede | mond | verrassing | wat | wauw
Smileys & Emotion	😧	anguished face | anguished | face | forgot | scared | scary | stressed | surprise | unhappy | what | wow | gekweld gezicht | bang | gezicht | lijden | lijdend | ontevreden | smiley | stress | verrast
Smileys & Emotion	😨	fearful face | afraid | anxious | blame | face | fear | fearful | scared | worried | bang gezicht | angst | angstig | bang | bezorgd | gezicht | schuld
Smileys & Emotion	😰	anxious face with sweat | anxious | blue | cold | eek | face | mouth | nervous | open | rushed | scared | sweat | yikes | angstig gezicht met zweetdruppel | angstig | angstzweet | blauw | blauw gezicht met angstzweet | gehaast | gezicht | gezicht met open mond en zweetdruppel | koud | nerveus | smiley | zweet | zweetdruppel
Smileys & Emotion	😥	sad but relieved face | anxious | call | close | complicated | disappointed | face | not | relieved | sad | sweat | time | whew | teleurgesteld maar opgelucht gezicht | bijna | gezicht | ingewikkeld | oef | opgelucht | smiley | teleurgesteld | zweetdruppel | zweten
Smileys & Emotion	😢	crying face | awful | cry | crying | face | feels | miss | sad | tear | triste | unhappy | huilend gezicht | bedroefd | gevoelens | gezicht | huilen | smiley | traan | triest
Smileys & Emotion	😭	loudly crying face | bawling | cry | crying | face | loudly | sad | sob | tear | tears | unhappy | hard huilend gezicht | bedroefd | gezicht | hard huilen | huilen | ontroostbaar | smiley | snikken | traan | tranen | tranen met tuiten
Smileys & Emotion	😱	face screaming in fear | epic | face | fear | fearful | munch | scared | scream | screamer | screaming | shocked | surprised | woah | angstig schreeuwend gezicht | angst | angstig | bang | doodsbang | geschrokken | gezicht | gezicht dat schreeuwt van angst | schreeuw | schreeuwend van angst | smiley
Smileys & Emotion	😖	confounded face | annoyed | confounded | confused | cringe | distraught | face | feels | frustrated | mad | sad | onthutst gezicht | bah | boos | gefrustreerd | geïrriteerd | gezicht | onthutst | smiley | verdrietig | verwarring
Smileys & Emotion	😣	persevering face | concentrate | concentration | face | focus | headache | persevere | persevering | volhardend gezicht | concentratie | concentreren | gezicht | hoofdpijn | volharden | volharding
Smileys & Emotion	😞	disappointed face | awful | blame | dejected | disappointed | face | fail | losing | sad | unhappy | teleurgesteld gezicht | afgewezen | afwijzing | bedroefd | gezicht | niet blij | schuldig | smiley | teleurstelling | terneergeslagen | triest | verloren
Smileys & Emotion	😓	downcast face with sweat | close | cold | downcast | face | feels | headache | nervous | sad | scared | sweat | yikes | neerslachtig gezicht met zweetdruppel | angstzweet | bang | dichtgeknepen ogen | gezicht | gezicht met angstzweet | koud | nerveus | smiley | zweet
Smileys & Emotion	😩	weary face | crying | face | fail | feels | hungry | mad | nooo | sad | sleepy | tired | unhappy | weary | moe gezicht | aanstellen | gezicht | honger | moe | nee | ontevreden | smiley | tegenzin | vermoeid | zeuren
Smileys & Emotion	😫	tired face | cost | face | feels | nap | sad | sneeze | tired | vermoeid gezicht | bah | gezicht | jakkes | moe | niesen | niezen | smiley | vermoeid | vies
Smileys & Emotion	🥱	yawning face | bedtime | bored | face | goodnight | nap | night | sleep | sleepy | tired | whatever | yawn | yawning | zzz | gapend gezicht | bed | dutje | gaap | gapen | geeuwen | moe | rusten | saai | slaap lekker | slaperig | smiley | vermoeid | verveeld
Smileys & Emotion	😤	face with steam from nose | anger | angry | face | feels | fume | fuming | furious | fury | mad | nose | steam | triumph | unhappy | won | gezicht blazend van woede | boos | gewonnen | gezicht | gezicht met stoom uit neus | kokend van woede | ontevreden | triomf | witheet | woedend | ziedend
Smileys & Emotion	😡	enraged face | anger | angry | enraged | face | feels | mad | maddening | pouting | rage | red | shade | unhappy | upset | pruilend gezicht | boos | gezicht | kwaad | pruilend | rood | smiley | woede | woedend
Smileys & Emotion	😠	angry face | anger | angry | blame | face | feels | frustrated | mad | maddening | rage | shade | unhappy | upset | boos gezicht | boos | fronsen | gefrustreerd | gezicht | kwaad | smiley | woedend
Smileys & Emotion	🤬	face with symbols on mouth | censor | cursing | cussing | face | mad | mouth | pissed | swearing | symbols | gezicht met symbolen op mond | boos | censuur | gezicht met tekens over mond | kwaad | schelden | smiley | vloeken
Smileys & Emotion	😈	smiling face with horns | demon | devil | evil | face | fairy | fairytale | fantasy | horns | purple | shade | smile | smiling | tale | lachend gezicht met hoorns | duivels | fantasie | gezicht | glimlach | hoorns | lach | lachend paars gezicht met hoorns | ondeugend | smiley | sprookje
Smileys & Emotion	👿	angry face with horns | angry | demon | devil | evil | face | fairy | fairytale | fantasy | horns | imp | mischievous | purple | shade | tale | boos gezicht met hoorns | boos duiveltje | duivel | duivels | fantasie | gezicht | hoorns | kleine duivel | paars duivelsgezicht | smiley | sprookje
Smileys & Emotion	💀	skull | body | dead | death | face | fairy | fairytale | i’m | lmao | monster | tale | yolo | schedel | dood | doodshoofd | gezicht | skelet | sprookje
Smileys & Emotion	☠️	skull and crossbones | bone | crossbones | dead | death | face | monster | skull | doodshoofd met gekruiste beenderen | bot | dood | doodshoofd | gekruiste botten | gezicht | schedel
Smileys & Emotion	💩	pile of poo | bs | comic | doo | dung | face | fml | monster | pile | poo | poop | smelly | smh | stink | stinks | stinky | turd | drol | grappig | poep | poep met gezichtje | smiley | stinkt
Smileys & Emotion	🤡	clown face | clown | face | clownsgezicht | gezicht
Smileys & Emotion	👹	ogre | creature | devil | face | fairy | fairytale | fantasy | mask | monster | scary | tale | boeman | duivel | eng | fantasie | gezicht | masker | oger | sprookje | verhaal | wezen
Smileys & Emotion	👺	goblin | angry | creature | face | fairy | fairytale | fantasy | mask | mean | monster | tale | kobold | fabel | fantasie | gezicht | japans | masker | mythologie | smiley | sprookje | tengu | wezen
Smileys & Emotion	👻	ghost | boo | creature | excited | face | fairy | fairytale | fantasy | halloween | haunting | monster | scary | silly | tale | spook | boe | fantasie | geest | gezicht | spook met tong uit mond | sprookje | uitgestoken tong | wezen
Smileys & Emotion	👽	alien | creature | extraterrestrial | face | fairy | fairytale | fantasy | monster | space | tale | ufo | buitenaards wezen | buitenaards | fantasie | gezicht | ruimte | sprookje | wezen
Smileys & Emotion	👾	alien monster | alien | creature | extraterrestrial | face | fairy | fairytale | fantasy | game | gamer | games | monster | pixelated | space | tale | ufo | buitenaards monster | buitenaards | gezicht | pixels | ruimte | space invader | spel | videogame | wezen
Smileys & Emotion	🤖	robot | face | monster | gezicht
Smileys & Emotion	😺	grinning cat | animal | cat | face | grinning | mouth | open | smile | smiling | grijnzende kat | dier | gezicht | grijnzen | kat | lach | lachen | mond
Smileys & Emotion	😸	grinning cat with smiling eyes | animal | cat | eye | eyes | face | grin | grinning | smile | smiling | grijnzende kat met lachende ogen | dier | gezicht | grijns | grijnzend kattengezicht met lachende ogen | kat | lach | oog | vrolijk
Smileys & Emotion	😹	cat with tears of joy | animal | cat | face | joy | laugh | laughing | lol | tear | tears | kat met tranen van vreugde | dier | gezicht | kat | lach | lachen | traan | tranen | vreugde
Smileys & Emotion	😻	smiling cat with heart-eyes | animal | cat | eye | face | heart | heart-eyes | love | smile | smiling | lachende kat met hartvormige ogen | dier | gezicht | hart | hartjesogen | kat | lach | lachen | liefde | oog
Smileys & Emotion	😼	cat with wry smile | animal | cat | face | ironic | smile | wry | gniffelende kat | gezicht | grimas | ironisch | ironische lach | kat | kattenkwaad | lach | ondeugend kattengezicht | smiley | spottend
Smileys & Emotion	😽	kissing cat | animal | cat | closed | eye | eyes | face | kiss | kissing | kussende kat | dier | gezicht | kat | kus | kussend kattengezicht met gesloten ogen | oog | smiley
Smileys & Emotion	🙀	weary cat | animal | cat | face | oh | surprised | weary | vermoeide kat | dier | geschokt | geschrokken kat | gezicht | kat | oh nee | smiley | verbazing | vermoeid | verrast
Smileys & Emotion	😿	crying cat | animal | cat | cry | crying | face | sad | tear | huilende kat | dier | gezicht | huilen | huilend | kat | traan | verdrietig
Smileys & Emotion	😾	pouting cat | animal | cat | face | pouting | pruilende kat | boos | boos kattengezicht | dier | gezicht | kat | mokken | pruilen | smiley
Smileys & Emotion	🙈	see-no-evil monkey | embarrassed | evil | face | forbidden | forgot | gesture | hide | monkey | no | omg | prohibited | scared | secret | smh | watch | geen kwaad zien | aap | beschaamd | dier | gebaar | geen | gezicht | kwaad | niet | niet kijken | schaamte | uit den boze | verboden | verlegen | wil niet zien | zie | zien
Smileys & Emotion	🙉	hear-no-evil monkey | animal | ears | evil | face | forbidden | gesture | hear | listen | monkey | no | not | prohibited | secret | shh | tmi | geen kwaad horen | aap | dier | gebaar | geen | geheim | gezicht | horen | kwaad | luisteren | niet | uit den boze | verboden | wil niet horen
Smileys & Emotion	🙊	speak-no-evil monkey | animal | evil | face | forbidden | gesture | monkey | no | not | oops | prohibited | quiet | secret | speak | stealth | geen kwaad spreken | aap | gebaar | geen | geheim | gezicht | kwaad | niet | oeps | spreken | stiekem | uit den boze | verboden
Smileys & Emotion	💌	love letter | heart | letter | love | mail | romance | valentine | liefdesbrief | brief | brief met hart | hart | liefde | post | romantiek | valentijn
Smileys & Emotion	💘	heart with arrow | 143 | adorbs | arrow | cupid | date | emotion | heart | ily | love | romance | valentine | hart met pijl | afspraakje | cupido | hart | hou van jou | hvj | liefde | pijl | pijl door hart | romantiek | valentijn
Smileys & Emotion	💝	heart with ribbon | 143 | anniversary | emotion | heart | ily | kisses | ribbon | valentine | xoxo | hart met strik | emotie | hart | hou van jou | hvj | liefde | strik | valentijn
Smileys & Emotion	💖	sparkling heart | 143 | emotion | excited | good | heart | ily | kisses | morning | night | sparkle | sparkling | xoxo | fonkelend hart | fonkelend | glinsterend | hart | hou van jou | hvj | spannend | sprankelend
Smileys & Emotion	💗	growing heart | 143 | emotion | excited | growing | heart | heartpulse | ily | kisses | muah | nervous | pulse | xoxo | groeiend hart | emotie | groeiend | hart | hartslag | hou van jou | hvj | kloppend hart | nerveus | spannend
Smileys & Emotion	💓	beating heart | 143 | beating | cardio | emotion | heart | heartbeat | ily | love | pulsating | pulse | kloppend hart | hart | hartslag | hou van jou | hvj | kloppen | slaan
Smileys & Emotion	💞	revolving hearts | 143 | adorbs | anniversary | emotion | heart | hearts | revolving | ronddraaiende harten | draaien | draaiende harten | emotie | hart | harten | jubileum
Smileys & Emotion	💕	two hearts | 143 | anniversary | date | dating | emotion | heart | hearts | ily | kisses | love | loving | two | xoxo | twee harten | hart | hou van jou | hvj | jubileum | liefde
Smileys & Emotion	💟	heart decoration | 143 | decoration | emotion | heart | hearth | purple | white | decoratief hart | emotie | hart | hartdecoratie | paars hart | wit hart
Smileys & Emotion	❣️	heart exclamation | exclamation | heart | heavy | mark | punctuation | hart als uitroepteken | hart | hart met druppel eronder | interpunctie | leesteken | punctuatie | teken | uitroep | uitroepteken | uitroepteken met hart
Smileys & Emotion	💔	broken heart | break | broken | crushed | emotion | heart | heartbroken | lonely | sad | gebroken hart | alleen | breken | droevig | eenzaam | emotie | gebroken | liefdesverdriet | verdrietig
Smileys & Emotion	❤️‍🔥	heart on fire | burn | fire | heart | love | lust | sacred | hart in vuur en vlam | branden | hart | heilig hart | liefde
Smileys & Emotion	❤️‍🩹	mending heart | healthier | heart | improving | mending | recovering | recuperating | well | helend hart | gezond | gezonder | helend | herstellen | herstellend | verbeterend
Smileys & Emotion	❤️	red heart | emotion | heart | love | red | rood hart | emotie | hart | liefde
Smileys & Emotion	🩷	pink heart | 143 | adorable | cute | emotion | heart | ily | like | love | pink | special | sweet | roze hart | hart | leuk | liefde | roze | schattig
Smileys & Emotion	🧡	orange heart | 143 | heart | orange | oranje hart | oranje
Smileys & Emotion	💛	yellow heart | 143 | cardiac | emotion | heart | ily | love | yellow | geel hart | emotie | geel | hart | hou van jou | hvj | liefde
Smileys & Emotion	💚	green heart | 143 | emotion | green | heart | ily | love | romantic | groen hart | groen | hart | hou van jou | hvj | romantisch | xoxo
Smileys & Emotion	💙	blue heart | 143 | blue | emotion | heart | ily | love | romance | blauw hart | blauw | emotie | hart | hou van jou | hvj | liefde | romantiek
Smileys & Emotion	🩵	light blue heart | 143 | blue | cute | cyan | emotion | heart | ily | light | like | love | sky | special | teal | lichtblauw hart | blauwgroen | groenblauw | hart | lichtblauw
Smileys & Emotion	💜	purple heart | 143 | bestest | emotion | heart | ily | love | purple | paars hart | emotie | hart | hou van jou | hvj | paars
Smileys & Emotion	🤎	brown heart | 143 | brown | heart | bruin hart | bruin | hart | liefde | symbool
Smileys & Emotion	🖤	black heart | black | evil | heart | wicked | zwart hart | hart | kwaad | slecht | verdorven | zwart
Smileys & Emotion	🩶	grey heart | 143 | emotion | gray | grey | heart | ily | love | silver | slate | special | grijs hart | grijs | hart | leigrijs | zilver
Smileys & Emotion	🤍	white heart | 143 | heart | white | wit hart | hart | liefde | symbool | wit
Smileys & Emotion	💋	kiss mark | dating | emotion | heart | kiss | kissing | lips | mark | romance | sexy | lipafdruk | afdruk | daten | emotie | kus | kusafdruk | liefde | lippen | romantiek | zoen
Smileys & Emotion	💯	hundred points | 100 | a+ | agree | clearly | definitely | faithful | fleek | full | hundred | keep | perfect | point | score | true | truth | yup | maximumscore | 100 punten | beste | cijfer | fantastisch | foutloos | getal | geweldig | top | zeker
Smileys & Emotion	💢	anger symbol | anger | angry | comic | mad | symbol | upset | woedesymbool | boos | cartoonesk | kwaad | ontdaan | strip | symbool | teken | woede
Smileys & Emotion	💥	collision | bomb | boom | collide | comic | explode | botsing | boem | bom | botsen | ontploffen | strip
Smileys & Emotion	💫	dizzy | comic | shining | shooting | star | stars | duizelig | cartoonesk | ster | strip | vallende ster
Smileys & Emotion	💦	sweat droplets | comic | drip | droplet | droplets | drops | splashing | squirt | sweat | water | wet | work | workout | zweetdruppels | druppels | spetteren | sporten | strip | work-out | zweet
Smileys & Emotion	💨	dashing away | away | cloud | comic | dash | dashing | fart | fast | go | gone | gotta | running | smoke | wegrennen | cartoonesk | moet gaan | rennen | rook | scheet | strip | vertrokken | weg | wind
Smileys & Emotion	🕳️	hole | gat
Smileys & Emotion	💬	speech balloon | balloon | bubble | comic | dialog | message | sms | speech | talk | text | typing | spraakballon | aan het typen | ballon | cartoonesk | dialoog | spraak | strip | tekstballon | tekstballon met puntjes
Smileys & Emotion	👁️‍🗨️	eye in speech bubble | balloon | bubble | eye | speech | witness | spraakballon met oog | ballon | bubbel | getuige | oog | spraak
Smileys & Emotion	🗨️	left speech bubble | balloon | bubble | dialog | left | speech | spraakballon naar links | dialoog | spraak | zwarte spraakballon
Smileys & Emotion	🗯️	right anger bubble | anger | angry | balloon | bubble | mad | right | boze spraakballon naar rechts | ballon | kwaad | tekstballon boos | woede | woedeballon | woedeballon naar rechts
Smileys & Emotion	💭	thought balloon | balloon | bubble | cartoon | cloud | comic | daydream | decisions | dream | idea | invent | invention | realize | think | thoughts | wonder | gedachteballon | ballon | besef | cartoonesk | dagdromen | denkballon | denkwolkje | gedachten | gedachtenballon | strip | uitvinden | uitvinding
Smileys & Emotion	💤	zzz | comic | good | goodnight | night | sleep | sleeping | sleepy | tired | slaapsymbool | cartoonesk | goedenacht | moe | rust | saai | slaap | slaapwel | slapen | slaperig | strip | vermoeid
People & Body	👋	waving hand | bye | cya | g2g | greetings | gtg | hand | hello | hey | hi | later | outtie | ttfn | ttyl | wave | yo | you | zwaaiende hand | ben je er | doei | groet | groeten | hallo | is daar iemand | moet gaan | spreek je later | tot later | tot ziens | zwaai | zwaaien
People & Body	🤚	raised back of hand | back | backhand | hand | raised | achterkant van opgeheven hand | achterzijde opgestoken hand | hand omhoog | handrug | opgestoken | rug van hand | vijf vingers
People & Body	🖐️	hand with fingers splayed | finger | fingers | hand | raised | splayed | stop | opgeheven hand met uitgestoken vingers | opgeheven | uitgestoken | vinger | vingers
People & Body	✋	raised hand | 5 | five | hand | high | raised | stop | opgeheven hand | hoog | opgeheven | vijf
People & Body	🖖	vulcan salute | finger | hand | hands | salute | vulcan | vulcaanse groet | leef lang en voorspoedig | spock | star trek | vinger | vulcangroet
People & Body	🫱	rightwards hand | hand | handshake | hold | reach | right | rightward | rightwards | shake | hand naar rechts | handdruk | naar rechts | rechts | reiken | schudden | vasthouden
People & Body	🫲	leftwards hand | hand | handshake | hold | left | leftward | leftwards | reach | shake | hand naar links | eens | handdruk | links | naar links | uitgestoken hand
People & Body	🫳	palm down hand | dismiss | down | drop | dropped | hand | palm | pick | shoo | up | handpalm omlaag | laten vallen | oprapen | wegjagen | wegsturen
People & Body	🫴	palm up hand | beckon | catch | come | hand | hold | know | lift | me | offer | palm | tell | handpalm omhoog | aanbieden | kom | vangen | wenken
People & Body	🫷	leftwards pushing hand | block | five | halt | hand | high | hold | leftward | leftwards | pause | push | pushing | refuse | slap | stop | wait | hand die naar links duwt | duwen | high five | naar links | stoppen | wachten | weigeren
People & Body	🫸	rightwards pushing hand | block | five | halt | hand | high | hold | pause | push | pushing | refuse | rightward | rightwards | slap | stop | wait | hand die naar rechts duwt | duwen | high five | naar rechts | stoppen | wachten | weigeren
People & Body	👌	ok hand | awesome | bet | dope | fleek | fosho | got | gotcha | hand | legit | ok | okay | pinch | rad | sure | sweet | three | ok-handgebaar | fantastisch | geweldig | goed | oké | prima | top | vingers
People & Body	🤌	pinched fingers | fingers | gesture | hand | hold | huh | interrogation | patience | pinched | relax | sarcastic | ugh | what | zip | samengeknepen vingers | gebaar | handgebaar | italiaans | maffia | ondervraging | samengeknepen | sarcastisch | vingers
People & Body	🤏	pinching hand | amount | bit | fingers | hand | little | pinching | small | sort | hand met samengeknepen vingers | beetje | gebaar voor kleine hoeveelheid | klein | kleine hoeveelheid | vingers | weinig
People & Body	✌️	victory hand | hand | peace | v | victory | winnende hand | twee vingers | vredesteken
People & Body	🤞	crossed fingers | cross | crossed | finger | fingers | hand | luck | gekruiste vingers | gekruist | geluk | kruisen | vinger | vingers
People & Body	🫰	hand with index finger and thumb crossed | <3 | crossed | expensive | finger | hand | heart | index | love | money | snap | thumb | hand met wijsvinger en duim gekruist | duur | geld | hart | liefde | vingerknip | vingers
People & Body	🤟	love-you gesture | fingers | gesture | hand | ily | love | love-you | three | you | ik-hou-van-je-gebaar | gebarentaal | hvj | ik hou van jou-gebaar
People & Body	🤘	sign of the horns | finger | hand | horns | rock-on | sign | duivelshorens | hoorns | rock on | teken | vinger
People & Body	🤙	call me hand | call | hand | hang | loose | me | shaka | bel me-gebaar | bel mij-gebaar | bellen | handgebaar voor bellen
People & Body	👈	backhand index pointing left | backhand | finger | hand | index | left | point | pointing | achterkant van hand met naar links wijzende wijsvinger | achterkant | links | vinger | wijs | wijsvinger | wijzen
People & Body	👉	backhand index pointing right | backhand | finger | hand | index | point | pointing | right | achterkant van hand met naar rechts wijzende wijsvinger | achterkant | rechts | vinger | wijs | wijsvinger | wijzen
People & Body	👆	backhand index pointing up | backhand | finger | hand | index | point | pointing | up | achterkant van hand met omhoog wijzende wijsvinger | achterkant | omhoog | vinger | wijs | wijsvinger | wijzen
People & Body	🖕	middle finger | finger | hand | middle | middelvinger | midden | vinger
People & Body	👇	backhand index pointing down | backhand | down | finger | hand | index | point | pointing | achterkant van hand met omlaag wijzende wijsvinger | achterkant | omlaag | vinger | wijs | wijsvinger | wijzen
People & Body	☝️	index pointing up | finger | hand | index | point | pointing | this | up | omhoog wijzende wijsvinger | dit | omhoog | vinger | wijs | wijsvinger | wijzen
People & Body	🫵	index pointing at the viewer | at | finger | hand | index | pointing | poke | viewer | you | wijsvinger die naar de kijker wijst | aanwijzen | jij | vinger | wijzen
People & Body	👍	thumbs up | +1 | good | hand | like | thumb | up | yes | duim omhoog | duim | goed | ja | leuk | omhoog
People & Body	👎	thumbs down | -1 | bad | dislike | down | good | hand | no | nope | thumb | thumbs | duim omlaag | duim | fout | lichaam | niet goed | niet leuk | omlaag | slecht | stom
People & Body	✊	raised fist | clenched | fist | hand | punch | raised | solidarity | opgeheven vuist | gebald | opgeheven | solidariteit | stoot | vuist
People & Body	👊	oncoming fist | absolutely | agree | boom | bro | bruh | bump | clenched | correct | fist | hand | knuckle | oncoming | pound | punch | rock | ttyl | stotende vuist | boks | gebald | gebalde vuist | groet | mee eens | stoot | vuist
People & Body	🤛	left-facing fist | fist | left-facing | leftwards | naar links gerichte vuist | linksom | naar links | vuist
People & Body	🤜	right-facing fist | fist | right-facing | rightwards | naar rechts gerichte vuist | naar rechts | rechtsom | vuist
People & Body	👏	clapping hands | applause | approval | awesome | clap | congrats | congratulations | excited | good | great | hand | homie | job | nice | prayed | well | yay | klappende handen | applaudiseren | applaus | bidden | dankjewel | gefeliciteerd | goed gedaan | goedkeuring | hoera | klappen
People & Body	🙌	raising hands | celebration | gesture | hand | hands | hooray | praise | raised | raising | juichend omhooggestoken handen | feest | gebaar | handen | hoera | lof | omhoog | omhooggestoken
People & Body	🫶	heart hands | <3 | hands | heart | love | you | handen in de vorm van een hart | handen | hart | hou | jou
People & Body	👐	open hands | hand | hands | hug | jazz | open | swerve | open handen | handen | jazz hands
People & Body	🤲	palms up together | cupped | dua | hands | palms | pray | prayer | together | up | wish | beide handpalmen omhoog | bidden | gebed | hand | kommetje maken met handen | palmen bij elkaar
People & Body	🤝	handshake | agreement | deal | hand | meeting | shake | handdruk | overeenkomst | schudden | vergadering
People & Body	🙏	folded hands | appreciate | ask | beg | blessed | bow | cmon | five | folded | gesture | hand | high | please | pray | thanks | thx | gevouwen handen | alsjeblieft | bedankt | bidden | buigen | dank | gebaar | gebed | geef me de vijf | gevouwen | gezegend | handen tegen elkaar | high five | smeken | vragen
People & Body	✍️	writing hand | hand | write | writing | schrijvende hand | schrijf | schrijven
People & Body	💅	nail polish | bored | care | cosmetics | done | makeup | manicure | nail | polish | whatever | nagellak | beauty | cosmetica | hand | lak | nagel | nagels lakken | verzorging
People & Body	🤳	selfie | camera | phone | telefoon
People & Body	💪	flexed biceps | arm | beast | bench | biceps | bodybuilder | bro | curls | flex | gains | gym | jacked | muscle | press | ripped | strong | weightlift | spierballen | aanspannen | gewichtheffen | spannen | spier | spierbal | sportschool | sterk | strip
People & Body	🦾	mechanical arm | accessibility | arm | mechanical | prosthetic | armprothese | bionische arm | kunstarm | mechanische arm | prothese | toegankelijkheid
People & Body	🦿	mechanical leg | accessibility | leg | mechanical | prosthetic | beenprothese | bionisch been | kunstbeen | mechanisch been | prothese | toegankelijkheid
People & Body	🦵	leg | bent | foot | kick | knee | limb | been | gebogen | knie | ledemaat | schop | voet
People & Body	🦶	foot | ankle | feet | kick | stomp | voet | enkel | schop | schoppen | stampen | trap
People & Body	👂	ear | body | ears | hear | hearing | listen | listening | sound | oor | geluid | horen | lichaam | luisteren
People & Body	🦻	ear with hearing aid | accessibility | aid | ear | hard | hearing | oor met gehoorapparaat | doof | gehoorapparaat | oor met oorapparaat | oorapparaat | slechthorend | toegankelijkheid
People & Body	👃	nose | body | noses | nosey | odor | smell | smells | neus | geur | lichaam | ruiken | stinkt
People & Body	🧠	brain | intelligent | smart | brein | hersenen | slim
People & Body	🫀	anatomical heart | anatomical | beat | cardiology | heart | heartbeat | organ | pulse | real | red | hart | anatomisch | cardiologie | echt | hartslag | orgaan | polsslag | rood
People & Body	🫁	lungs | breath | breathe | exhalation | inhalation | lung | organ | respiration | longen | adem | ademhaling | inademen | lichaam | lucht | orgaan | uitademen | zuurstof
People & Body	🦷	tooth | dentist | pearly | teeth | white | tand | parelmoer | tandarts | tanden | wit
People & Body	🦴	bone | bones | dog | skeleton | wishbone | bot | botten | hond | skelet | vorkbeen
People & Body	👀	eyes | body | eye | face | googly | look | looking | omg | peep | see | seeing | ogen | gezicht | kijken | ondeugend | oog | staren
People & Body	👁️	eye | 1 | body | one | oog | één oog | lichaam | pupil
People & Body	👅	tongue | body | lick | slurp | tong | lichaam | lik
People & Body	👄	mouth | beauty | body | kiss | kissing | lips | lipstick | mond | kus | lippen | open mond | roze lippen | zoen
People & Body	🫦	biting lip | anxious | bite | biting | fear | flirt | flirting | kiss | lip | lipstick | nervous | sexy | uncomfortable | worried | worry | mond die op lip bijt | angst | bezorgd | flirten | lippen | nerveus | ongemakkelijk | ongerust
People & Body	👶	baby | babies | children | goo | infant | newborn | pregnant | young | jong | kindje | pasgeboren | persoon
People & Body	🧒	child | bright-eyed | grandchild | kid | young | younger | kind | heldere ogen | jong | jonger | kleinkind
People & Body	👦	boy | bright-eyed | child | grandson | kid | son | young | younger | jongen | jong | kind | persoon
People & Body	👧	girl | bright-eyed | child | daughter | granddaughter | kid | virgo | young | younger | zodiac | meisje | dochter | enthousiast | jong | maagd | persoon | staartjes | sterrenbeeld
People & Body	🧑	person | adult | volwassene | persoon
People & Body	👱	person: blond hair | blond | blond-haired | human | person | persoon met blond haar | blond haar | mens | persoon
People & Body	👨	man | adult | bro | volwassen | vriend
People & Body	🧔	person: beard | beard | bearded | person | whiskers | persoon: baard | baard | bebaard | persoon | persoon met baard
People & Body	🧔‍♂️	man: beard | beard | bearded | man | whiskers | man: baard | baard
People & Body	🧔‍♀️	woman: beard | beard | bearded | whiskers | woman | vrouw: baard | baard | vrouw
People & Body	👨‍🦰	man: red hair
People & Body	👨‍🦱	man: curly hair
People & Body	👨‍🦳	man: white hair
People & Body	👨‍🦲	man: bald
People & Body	👩	woman | adult | lady | vrouw | dame | volwassene
People & Body	👩‍🦰	woman: red hair
People & Body	🧑‍🦰	person: red hair
People & Body	👩‍🦱	woman: curly hair
People & Body	🧑‍🦱	person: curly hair
People & Body	👩‍🦳	woman: white hair
People & Body	🧑‍🦳	person: white hair
People & Body	👩‍🦲	woman: bald
People & Body	🧑‍🦲	person: bald
People & Body	👱‍♀️	woman: blond hair | blond | blond-haired | blonde | hair | woman | vrouw met blond haar | blondine | haar | vrouw
People & Body	👱‍♂️	man: blond hair | blond | blond-haired | hair | man | man met blond haar | haar
People & Body	🧓	older person | adult | elderly | grandparent | old | person | wise | oudere persoon | bejaard | genderneutraal | niet nader omschreven geslacht | oud | ouder persoon | oudere volwassene | persoon | volwassene
People & Body	👴	old man | adult | bald | elderly | gramps | grandfather | grandpa | man | old | wise | oude man | grootvader | kaal | opa | oud | ouder | volwassen | wijs
People & Body	👵	old woman | adult | elderly | grandma | grandmother | granny | lady | old | wise | woman | oude vrouw | dame | grootmoeder | oma | oud | ouder | volwassene | vrouw | wijs
People & Body	🙍	person frowning | annoyed | disappointed | disgruntled | disturbed | frown | frowning | frustrated | gesture | irritated | person | upset | fronsend persoon | bedroefd | frons | fronzen | persoon | teleurgesteld | uitdrukking | verdrietig | verontrust | vrouw
People & Body	🙍‍♂️	man frowning | annoyed | disappointed | disgruntled | disturbed | frown | frowning | frustrated | gesture | irritated | man | upset | fronsende man | frons | ontevreden | persoon | sip | uitdrukking | verdrietig
People & Body	🙍‍♀️	woman frowning | annoyed | disappointed | disgruntled | disturbed | frown | frowning | frustrated | gesture | irritated | upset | woman | fronsende vrouw | frons | uitdrukking | vrouw
People & Body	🙎	person pouting | disappointed | downtrodden | frown | grimace | person | pouting | scowl | sulk | upset | whine | pruilend persoon | humeurig | persoon | pruilen | pruilende vrouw | pruillip | skeptisch | teleurgesteld | uitdrukking | vrouw
People & Body	🙎‍♂️	man pouting | disappointed | downtrodden | frown | grimace | man | pouting | scowl | sulk | upset | whine | pruilende man | persoon | pruilen | sip | uitdrukking | verdrietig
People & Body	🙎‍♀️	woman pouting | disappointed | downtrodden | frown | grimace | pouting | scowl | sulk | upset | whine | woman | pruilende vrouw | pruilen | uitdrukking | vrouw
People & Body	🙅	person gesturing no | forbidden | gesture | hand | no | not | person | prohibit | persoon die nee-gebaar maakt | gebaar | illegaal | nee | niet | persoon | verboden
People & Body	🙅‍♂️	man gesturing no | forbidden | gesture | hand | man | no | not | prohibit | man die nee-gebaar maakt | gebaar | illegaal | nee | niet | verboden
People & Body	🙅‍♀️	woman gesturing no | forbidden | gesture | hand | no | not | prohibit | woman | vrouw die nee-gebaar maakt | gebaar | illegaal | verboden | vrouw
People & Body	🙆	person gesturing ok | exercise | gesture | gesturing | hand | ok | omg | person | persoon die ok-gebaar maakt | gebaar | gebaren | oefening | persoon
People & Body	🙆‍♂️	man gesturing ok | exercise | gesture | gesturing | hand | man | ok | omg | man die ok-gebaar maakt | gebaar | gebaren | oefening
People & Body	🙆‍♀️	woman gesturing ok | exercise | gesture | gesturing | hand | ok | omg | woman | vrouw die ok-gebaar maakt | gebaar | vrouw
People & Body	💁	person tipping hand | fetch | flick | flip | gossip | hand | person | sarcasm | sarcastic | sassy | seriously | tipping | whatever | persoon achter informatiebalie | brutaal | hand ophouden | hulp | informatie | knikken | persoon | roddelen | sarcasme | sarcastisch | uitleg geven | vrouw met hand omhoog
People & Body	💁‍♂️	man tipping hand | fetch | flick | flip | gossip | hand | man | sarcasm | sarcastic | sassy | seriously | tipping | whatever | man achter informatiebalie | brutaal | hooghartig | man knikt pols | persoon | pols knikken | polsgebaar | sarcasme | sarcastisch | uitdagend
People & Body	💁‍♀️	woman tipping hand | fetch | flick | flip | gossip | hand | sarcasm | sarcastic | sassy | seriously | tipping | whatever | woman | vrouw achter informatiebalie | brutaal | pols knikken | vrouw
People & Body	🙋	person raising hand | gesture | hand | here | know | me | person | pick | question | raise | raising | persoon met opgeheven hand | antwoord | blij | gebaar | ik weet het | omhoog | persoon | vraag | vrouw die hand opsteekt
People & Body	🙋‍♂️	man raising hand | gesture | hand | here | know | man | me | pick | question | raise | raising | man met opgeheven hand | gebaar | hand in de lucht | hand omhoog | hand opsteken | ik weet het | man met opgestoken hand | persoon | vraag
People & Body	🙋‍♀️	woman raising hand | gesture | hand | here | know | me | pick | question | raise | raising | woman | vrouw met opgeheven hand | gebaar | hand opsteken | vrouw
People & Body	🧏	deaf person | accessibility | deaf | ear | gesture | hear | person | doof persoon | doof | horen | oor | slechthorend | toegankelijkheid
People & Body	🧏‍♂️	deaf man | accessibility | deaf | ear | gesture | hear | man | dove man | doof
People & Body	🧏‍♀️	deaf woman | accessibility | deaf | ear | gesture | hear | woman | dove vrouw | doof | vrouw
People & Body	🙇	person bowing | apology | ask | beg | bow | bowing | favor | forgive | gesture | meditate | meditation | person | pity | regret | sorry | buigende persoon | buigende man | buiging | diepe buiging | excuses | gebaar | persoon | persoon die buiging maakt | spijt | verontschuldiging
People & Body	🙇‍♂️	man bowing | apology | ask | beg | bow | bowing | favor | forgive | gesture | man | meditate | meditation | pity | regret | sorry | buigende man | buigen | excuses | gebaar | gunst
People & Body	🙇‍♀️	woman bowing | apology | ask | beg | bow | bowing | favor | forgive | gesture | meditate | meditation | pity | regret | sorry | woman | buigende vrouw | buigen | buiging | excuses | gebaar | gunst | persoon | schaamte | schuld | verontschuldigen | vrouw | vrouw die buigt
People & Body	🤦	person facepalming | again | bewilder | disbelief | exasperation | facepalm | no | not | oh | omg | person | shock | smh | persoon die het gezicht met de hand bedekt | ergernis | gebaar | gezicht | hand voor gezicht | niet opnieuw | ongeloof | ongelooflijk | palm | persoon | schaamte | zucht
People & Body	🤦‍♂️	man facepalming | again | bewilder | disbelief | exasperation | facepalm | man | no | not | oh | omg | shock | smh | man die het gezicht met de hand bedekt | ergernis | gebaar | gezicht bedekken | ongeloof | ongelooflijk | persoon | schaamte
People & Body	🤦‍♀️	woman facepalming | again | bewilder | disbelief | exasperation | facepalm | no | not | oh | omg | shock | smh | woman | vrouw die het gezicht met de hand bedekt | ergernis | gebaar | gezicht bedekken | ongeloof | ongelooflijk | persoon | schaamte | vrouw
People & Body	🤷	person shrugging | doubt | dunno | guess | idk | ignorance | indifference | knows | maybe | person | shrug | shrugging | whatever | who | persoon die schouders ophaalt | gebaar | ik weet het niet | misschien | onverschilligheid | onwetend | onwetendheid | schouderophalen | twijfel
People & Body	🤷‍♂️	man shrugging | doubt | dunno | guess | idk | ignorance | indifference | knows | man | maybe | shrug | shrugging | whatever | who | man die schouders ophaalt | gebaar | geen idee | man haalt schouders op | onverschillig | onverschilligheid | onwetendheid | persoon | schouderophalen | twijfel
People & Body	🤷‍♀️	woman shrugging | doubt | dunno | guess | idk | ignorance | indifference | knows | maybe | shrug | shrugging | whatever | who | woman | vrouw die schouders ophaalt | gebaar | geen idee | onverschillig | onverschilligheid | onwetendheid | persoon | schouderophalen | twijfel | vrouw | weet niet
People & Body	🧑‍⚕️	health worker | doctor | health | healthcare | nurse | therapist | worker | gezondheidsmedewerker | dokter | gezondheidszorg | therapeut | verpleegster
People & Body	👨‍⚕️	man health worker | doctor | health | healthcare | man | nurse | therapist | worker | mannelijke gezondheidsmedewerker | arts | gezondheid | gezondheidszorg | therapeut | verpleger | werknemer
People & Body	👩‍⚕️	woman health worker | doctor | health | healthcare | nurse | therapist | woman | worker | gezondheidsmedewerkster | arts | gezondheid | gezondheidszorg | therapeute | verpleegster | vrouw | werknemer
People & Body	🧑‍🎓	student | graduate | scholier
People & Body	👨‍🎓	man student | graduate | man | student | mannelijke student | scholier
People & Body	👩‍🎓	woman student | graduate | student | woman | studente | scholier | vrouw
People & Body	🧑‍🏫	teacher | instructor | lecturer | professor | docent | leraar
People & Body	👨‍🏫	man teacher | instructor | lecturer | man | professor | teacher | mannelijke docent | docent | instructeur | leraar
People & Body	👩‍🏫	woman teacher | instructor | lecturer | professor | teacher | woman | docente | instructrice | lerares | vrouw
People & Body	🧑‍⚖️	judge | justice | law | scales | rechter | recht | weegschaal
People & Body	👨‍⚖️	man judge | judge | justice | law | man | scales | mannelijke rechter | gerechtigheid | recht | rechter | weegschaal
People & Body	👩‍⚖️	woman judge | judge | justice | law | scales | woman | vrouwelijke rechter | gerechtigheid | recht | rechter | vrouw | weegschaal
People & Body	🧑‍🌾	farmer | gardener | rancher | boer | tuinder | veehouder
People & Body	👨‍🌾	man farmer | farmer | gardener | man | rancher | mannelijke boer | boer | tuinder | veehouder
People & Body	👩‍🌾	woman farmer | farmer | gardener | rancher | woman | boerin | boer | tuinder | veehouder | vrouw
People & Body	🧑‍🍳	cook | chef | kok | chef-kok
People & Body	👨‍🍳	man cook | chef | cook | man | mannelijke kok | chef-kok | kok
People & Body	👩‍🍳	woman cook | chef | cook | woman | kokkin | chef-kok | kok | vrouw
People & Body	🧑‍🔧	mechanic | electrician | plumber | tradesperson | monteur | elektricien | handelsman | loodgieter
People & Body	👨‍🔧	man mechanic | electrician | man | mechanic | plumber | tradesperson | mannelijke monteur | elektricien | handelsman | loodgieter | monteur
People & Body	👩‍🔧	woman mechanic | electrician | mechanic | plumber | tradesperson | woman | monteuse | elektricien | handelsman | loodgieter | monteur | vrouw
People & Body	🧑‍🏭	factory worker | assembly | factory | industrial | worker | fabrieksarbeider | arbeider | fabriek | industrieel | lopende band
People & Body	👨‍🏭	man factory worker | assembly | factory | industrial | man | worker | mannelijke fabrieksarbeider | arbeider | fabriek | industrieel | lopende band
People & Body	👩‍🏭	woman factory worker | assembly | factory | industrial | woman | worker | fabrieksarbeidster | arbeider | fabriek | industrieel | lopende band | vrouw
People & Body	🧑‍💼	office worker | architect | business | manager | office | white-collar | worker | kantoormedewerker | bedrijf
People & Body	👨‍💼	man office worker | architect | business | man | manager | office | white-collar | worker | mannelijke kantoormedewerker | ambtenaar | bedrijf | kantoor | werknemer
People & Body	👩‍💼	woman office worker | architect | business | manager | office | white-collar | woman | worker | kantoormedewerkster | ambtenaar | bedrijf | kantoor | vrouw | werknemer
People & Body	🧑‍🔬	scientist | biologist | chemist | engineer | mathematician | physicist | wetenschapper | bioloog | ingenieur | natuurkundige | scheikundige
People & Body	👨‍🔬	man scientist | biologist | chemist | engineer | man | mathematician | physicist | scientist | mannelijke wetenschapper | bioloog | ingenieur | natuurkundige | scheikundige | wetenschapper | wiskundige
People & Body	👩‍🔬	woman scientist | biologist | chemist | engineer | mathematician | physicist | scientist | woman | wetenschapster | biologe | ingenieur | natuurkundige | scheikundige | vrouw | wiskundige
People & Body	🧑‍💻	technologist | coder | computer | developer | inventor | software | technoloog | ontwikkelaar | programmeur | techneut | uitvinder
People & Body	👨‍💻	man technologist | coder | computer | developer | inventor | man | software | technologist | mannelijke technoloog | ontwikkelaar | programmeur | technoloog | uitvinder
People & Body	👩‍💻	woman technologist | coder | computer | developer | inventor | software | technologist | woman | technologe | ontwikkelaar | programmeur | uitvindster | vrouw
People & Body	🧑‍🎤	singer | actor | entertainer | rock | rockstar | star | zanger | acteur | ster
People & Body	👨‍🎤	man singer | actor | entertainer | man | rock | rockstar | singer | star | mannelijke zanger | acteur | rockster | ster | zanger
People & Body	👩‍🎤	woman singer | actor | entertainer | rock | rockstar | singer | star | woman | zangeres | actrice | rockster | ster | vrouw
People & Body	🧑‍🎨	artist | palette | kunstenaar | palet
People & Body	👨‍🎨	man artist | artist | man | palette | mannelijke kunstenaar | kunstenaar | palet
People & Body	👩‍🎨	woman artist | artist | palette | woman | kunstenares | palet | vrouw
People & Body	🧑‍✈️	pilot | plane | piloot | vliegtuig
People & Body	👨‍✈️	man pilot | man | pilot | plane | mannelijke piloot | piloot | vliegtuig
People & Body	👩‍✈️	woman pilot | pilot | plane | woman | pilote | piloot | vliegtuig | vrouw
People & Body	🧑‍🚀	astronaut | rocket | space | raket
People & Body	👨‍🚀	man astronaut | astronaut | man | rocket | space | mannelijke astronaut | raket | ruimte
People & Body	👩‍🚀	woman astronaut | astronaut | rocket | space | woman | astronaute | raket | ruimte | vrouw
People & Body	🧑‍🚒	firefighter | fire | firetruck | brandweerman | brandweerwagen
People & Body	👨‍🚒	man firefighter | fire | firefighter | firetruck | man | mannelijke brandweerman | brandweer | brandweerman | brandweerwagen
People & Body	👩‍🚒	woman firefighter | fire | firefighter | firetruck | woman | brandweervrouw | brandweer | brandweerwagen | vrouw
People & Body	👮	police officer | apprehend | arrest | citation | cop | law | officer | over | police | pulled | undercover | politieagent | agent | arresteren | beroep | boete | misdaad | persoon | politie | politieman | werk
People & Body	👮‍♂️	man police officer | apprehend | arrest | citation | cop | law | man | officer | over | police | pulled | undercover | politieman | agent | politie
People & Body	👮‍♀️	woman police officer | apprehend | arrest | citation | cop | law | officer | over | police | pulled | undercover | woman | politievrouw | agent | arresteren | beroep | boete | misdaad | persoon | politie | politieagente | vrouw | vrouwelijke politieagent
People & Body	🕵️	detective | sleuth | spy | speurder | spion
People & Body	🕵️‍♂️	man detective | detective | man | sleuth | spy | mannelijke detective | speurder | spion
People & Body	🕵️‍♀️	woman detective | detective | sleuth | spy | woman | vrouwelijke detective | speurder | spionne | vrouw
People & Body	💂	guard | buckingham | helmet | london | palace | wachter | bewaker | buckingham palace | londen
People & Body	💂‍♂️	man guard | buckingham | guard | helmet | london | man | palace | mannelijke wachter | wachter
People & Body	💂‍♀️	woman guard | buckingham | guard | helmet | london | palace | woman | vrouwelijke wachter | buckingham palace | londen | persoon | vrouw | wachter
People & Body	🥷	ninja | assassin | fight | fighter | hidden | person | secret | skills | sly | soldier | stealth | war | geheim | japan | krijger | persoon | samurai | sluipmoordenaar | vechten | verborgen | zwaard
People & Body	👷	construction worker | build | construction | fix | hardhat | hat | man | person | rebuild | remodel | repair | work | worker | bouwvakker | bouw | helm | klusser | persoon | renovatie | renoveren | werk
People & Body	👷‍♂️	man construction worker | build | construction | fix | hardhat | hat | man | rebuild | remodel | repair | work | worker | mannelijke bouwvakker | bouw | bouwvakker
People & Body	👷‍♀️	woman construction worker | build | construction | fix | hardhat | hat | man | rebuild | remodel | repair | woman | work | worker | vrouwelijke bouwvakker | baan | beroep | bouw | bouwvakker | helm | persoon | vrouw | werk
People & Body	🫅	person with crown | crown | monarch | noble | person | regal | royal | royalty | persoon met kroon | edele | heerser | iemand van koninklijken bloede | keizer | koning | koninklijk | persoon | regaal
People & Body	🤴	prince | crown | fairy | fairytale | fantasy | king | royal | royalty | tale | prins | fantasie | koning | koninklijk | kroon | sprookje
People & Body	👸	princess | crown | fairy | fairytale | fantasy | queen | royal | royalty | tale | prinses | fantasie | koningin | kroon | persoon | sprookje | vrouw met kroon
People & Body	👳	person wearing turban | person | turban | wearing | persoon met tulband | dragen | persoon | tulband
People & Body	👳‍♂️	man wearing turban | man | turban | wearing | man met tulband | tulband
People & Body	👳‍♀️	woman wearing turban | turban | wearing | woman | vrouw met tulband | dragen | tulband | vrouw
People & Body	👲	person with skullcap | cap | chinese | gua | guapi | hat | mao | person | pi | skullcap | man met chinees petje | gua pi mao | hoed | man | man met chinese hoed | persoon | petje
People & Body	🧕	woman with headscarf | bandana | head | headscarf | hijab | kerchief | mantilla | tichel | woman | vrouw met hoofddoek | hidjab | hoofddoek | persoon | sluier
People & Body	🤵	person in tuxedo | formal | person | tuxedo | wedding | persoon in smoking | bruiloft | formeel | persoon | smoking
People & Body	🤵‍♂️	man in tuxedo | formal | groom | man | tuxedo | wedding | man in smoking | smoking
People & Body	🤵‍♀️	woman in tuxedo | formal | tuxedo | wedding | woman | vrouw in smoking | smoking | vrouw
People & Body	👰	person with veil | person | veil | wedding | persoon met sluier | bruiloft | persoon | sluier
People & Body	👰‍♂️	man with veil | man | veil | wedding | man met sluier | sluier
People & Body	👰‍♀️	woman with veil | bride | veil | wedding | woman | vrouw met sluier | sluier | vrouw
People & Body	🤰	pregnant woman | pregnant | woman | zwangere vrouw | vrouw | zwanger
People & Body	🫃	pregnant man | belly | bloated | full | man | overeat | pregnant | zwangere man | buik | opgeblazen | te veel eten | vol | zwanger
People & Body	🫄	pregnant person | belly | bloated | full | overeat | person | pregnant | stuffed | zwanger persoon | baby | buik | opgeblazen | persoon | vol | zwanger
People & Body	🤱	breast-feeding | baby | breast | feeding | mom | mother | nursing | woman | borstvoeding | borst | de borst geven | persoon
People & Body	👩‍🍼	woman feeding baby | baby | feed | feeding | mom | mother | nanny | newborn | nursing | woman | vrouw die een baby voedt | borstvoeding | mama | moeder | oppas | pasgeboren | voeden | voeding | vrouw
People & Body	👨‍🍼	man feeding baby | baby | dad | father | feed | feeding | man | nanny | newborn | nursing | man die een baby voedt | borstvoeding | melk | papa | persoon | vader | voeden | voeding
People & Body	🧑‍🍼	person feeding baby | baby | feed | feeding | nanny | newborn | nursing | parent | persoon die een baby voedt | borstvoeding | oppas | ouder | pasgeboren | voeden | voeding
People & Body	👼	baby angel | angel | baby | church | face | fairy | fairytale | fantasy | tale | baby-engel | engel | fantasie | gezicht | kerk | sprookje
People & Body	🎅	santa claus | celebration | christmas | claus | fairy | fantasy | father | holiday | merry | santa | tale | xmas | kerstman | fantasie | feestdag | kerst | kerstmis | viering | vrolijk
People & Body	🤶	mrs. claus | celebration | christmas | claus | fairy | fantasy | holiday | merry | mother | mrs | santa | tale | xmas | kerstvrouw | feest | kerst | kerstmis | moedertje kerst | persoon | viering
People & Body	🧑‍🎄	mx claus | celebration | christmas | claus | fairy | fantasy | holiday | merry | mx | santa | tale | xmas | kersttransgender | feestdagen | kerst | kerstdagen | kerstman | kerstmis | kerstmuts | kerstvrouw | persoon
People & Body	🦸	superhero | good | hero | superpower | superheld | goed | held | superkracht
People & Body	🦸‍♂️	man superhero | good | hero | man | superhero | superpower | mannelijke superheld | goed | held | superkrachten
People & Body	🦸‍♀️	woman superhero | good | hero | heroine | superhero | superpower | woman | vrouwelijke superheld | goed | held | heldin | superkrachten | vrouw
People & Body	🦹	supervillain | bad | criminal | evil | superpower | villain | superschurk | crimineel | kwaad | schurk | slecht | superkracht
People & Body	🦹‍♂️	man supervillain | bad | criminal | evil | man | superpower | supervillain | villain | mannelijke superschurk | boef | crimineel | slecht | superkrachten
People & Body	🦹‍♀️	woman supervillain | bad | criminal | evil | superpower | supervillain | villain | woman | vrouwelijke superschurk | boef | crimineel | slecht | superkrachten | vrouw
People & Body	🧙	mage | fantasy | magic | play | sorcerer | sorceress | sorcery | spell | summon | witch | wizard | magiër | fantasie | heks | magie | spreuk | sprookje | tovenaar | tovenares
People & Body	🧙‍♂️	man mage | fantasy | mage | magic | man | play | sorcerer | sorceress | sorcery | spell | summon | witch | wizard | mannelijke magiër | heksenmeester | tovenaar
People & Body	🧙‍♀️	woman mage | fantasy | mage | magic | play | sorcerer | sorceress | sorcery | spell | summon | witch | wizard | woman | vrouwelijke magiër | heks | tovenares
People & Body	🧚	fairy | fairytale | fantasy | myth | person | pixie | tale | wings | elfje | fantasie | mythe | persoon | sprookje | vleugels
People & Body	🧚‍♂️	man fairy | fairy | fairytale | fantasy | man | myth | oberon | person | pixie | puck | tale | wings | mannelijk elfje
People & Body	🧚‍♀️	woman fairy | fairy | fairytale | fantasy | myth | person | pixie | tale | titania | wings | woman | vrouwelijk elfje
People & Body	🧛	vampire | blood | dracula | fangs | halloween | scary | supernatural | teeth | undead | vampier | bloed | eng | ondode | snijtanden | tanden | verkleden
People & Body	🧛‍♂️	man vampire | blood | fangs | halloween | man | scary | supernatural | teeth | undead | vampire | mannelijke vampier | dracula | ondode
People & Body	🧛‍♀️	woman vampire | blood | fangs | halloween | scary | supernatural | teeth | undead | vampire | woman | vrouwelijke vampier | ondode
People & Body	🧜	merperson | creature | fairytale | folklore | ocean | sea | siren | trident | zeemeermin | drietand | meermin | oceaan | schepsel | sirene | sprookje | zee
People & Body	🧜‍♂️	merman | creature | fairytale | folklore | neptune | ocean | poseidon | sea | siren | trident | triton | zeemeerman
People & Body	🧜‍♀️	mermaid | creature | fairytale | folklore | merwoman | ocean | sea | siren | trident | sirene | meermin
People & Body	🧝	elf | elves | enchantment | fantasy | folklore | magic | magical | myth | fantasie | in de ban van de ring-stijl | legolas | lotr-stijl | magisch | mythe
People & Body	🧝‍♂️	man elf | elf | elves | enchantment | fantasy | folklore | magic | magical | man | myth | mannelijke elf | magisch
People & Body	🧝‍♀️	woman elf | elf | elves | enchantment | fantasy | folklore | magic | magical | myth | woman | vrouwelijke elf | magisch
People & Body	🧞	genie | djinn | fantasy | jinn | lamp | myth | rub | wishes | geest in de fles | aladin | fantasie | geest | mythe | sprookje | wens
People & Body	🧞‍♂️	man genie | djinn | fantasy | genie | jinn | lamp | man | myth | rub | wishes | mannelijke geest in de fles
People & Body	🧞‍♀️	woman genie | djinn | fantasy | genie | jinn | lamp | myth | rub | wishes | woman | vrouwelijke geest in de fles
People & Body	🧟	zombie | apocalypse | dead | halloween | horror | scary | undead | walking | eng | levende doden | lopende dode | monster | ondode
People & Body	🧟‍♂️	man zombie | apocalypse | dead | halloween | horror | man | scary | undead | walking | zombie | mannelijke zombie | lopende dode | ondode
People & Body	🧟‍♀️	woman zombie | apocalypse | dead | halloween | horror | scary | undead | walking | woman | zombie | vrouwelijke zombie | lopende dode | ondode
People & Body	🧌	troll | fairy | fantasy | monster | tale | trolling | trol | fantasie | trollen
People & Body	💆	person getting massage | face | getting | headache | massage | person | relax | relaxing | salon | soothe | spa | tension | therapy | treatment | persoon die hoofdmassage krijgt | gespannen | gezicht | gezichtsmassage | hoofdpijn | ontspannen | persoon | relaxen | spanning
People & Body	💆‍♂️	man getting massage | face | getting | headache | man | massage | relax | relaxing | salon | soothe | spa | tension | therapy | treatment | man die hoofdmassage krijgt | geduld | gezicht | gezichtmassage | man krijgt gezichtsmassage | masseren | ontspannen | ontspannend | persoon | relaxen
People & Body	💆‍♀️	woman getting massage | face | getting | headache | massage | relax | relaxing | salon | soothe | spa | tension | therapy | treatment | woman | vrouw die hoofdmassage krijgt | gezicht | vrouw
People & Body	💇	person getting haircut | barber | beauty | chop | cosmetology | cut | groom | hair | haircut | parlor | person | shears | style | persoon die wordt geknipt | beroep | haar knippen | kapper | kapsalon | kapsel | kapster | salon | schaar | schoonheid
People & Body	💇‍♂️	man getting haircut | barber | beauty | chop | cosmetology | cut | groom | hair | haircut | man | parlor | person | shears | style | man die wordt geknipt | haar | kapper | kapsel | knippen | man wordt geknipt | persoon | verzorging
People & Body	💇‍♀️	woman getting haircut | barber | beauty | chop | cosmetology | cut | groom | hair | haircut | parlor | person | shears | style | woman | vrouw die wordt geknipt | kapsel | vrouw
People & Body	🚶	person walking | amble | gait | hike | man | pace | pedestrian | person | stride | stroll | walk | walking | voetganger | lopen | persoon | slenteren | stappen | struien | wandelaar | wandelen
People & Body	🚶‍♂️	man walking | amble | gait | hike | man | pace | pedestrian | stride | stroll | walk | walking | wandelende man | lopen | wandelen
People & Body	🚶‍♀️	woman walking | amble | gait | hike | man | pace | pedestrian | stride | stroll | walk | walking | woman | wandelende vrouw | kuieren | lopen | persoon | slenteren | voetganger | vrouw | wandelaar | wandelen
People & Body	🚶‍➡️	person walking facing right
People & Body	🚶‍♀️‍➡️	woman walking facing right
People & Body	🚶‍♂️‍➡️	man walking facing right
People & Body	🧍	person standing | person | stand | standing | staande persoon | persoon | staan | staand
People & Body	🧍‍♂️	man standing | man | stand | standing | staande man | staand
People & Body	🧍‍♀️	woman standing | stand | standing | woman | staande vrouw | staand | vrouw
People & Body	🧎	person kneeling | kneel | kneeling | knees | person | knielende persoon | knieën | knielen | knielend | persoon
People & Body	🧎‍♂️	man kneeling | kneel | kneeling | knees | man | knielende man | knielend
People & Body	🧎‍♀️	woman kneeling | kneel | kneeling | knees | woman | knielende vrouw | knielend | vrouw
People & Body	🧎‍➡️	person kneeling facing right
People & Body	🧎‍♀️‍➡️	woman kneeling facing right
People & Body	🧎‍♂️‍➡️	man kneeling facing right
People & Body	🧑‍🦯	person with white cane | accessibility | blind | cane | person | probing | white | persoon met taststok | toegankelijkheid
People & Body	🧑‍🦯‍➡️	person with white cane facing right
People & Body	👨‍🦯	man with white cane | accessibility | blind | cane | man | probing | white | man met taststok | man met blindenstok | toegankelijkheid
People & Body	👨‍🦯‍➡️	man with white cane facing right
People & Body	👩‍🦯	woman with white cane | accessibility | blind | cane | probing | white | woman | vrouw met taststok | toegankelijkheid | vrouw | vrouw met blindenstok
People & Body	👩‍🦯‍➡️	woman with white cane facing right
People & Body	🧑‍🦼	person in motorized wheelchair | accessibility | motorized | person | wheelchair | persoon in elektrische rolstoel | rolstoel | toegankelijkheid
People & Body	🧑‍🦼‍➡️	person in motorized wheelchair facing right
People & Body	👨‍🦼	man in motorized wheelchair | accessibility | man | motorized | wheelchair | man in elektrische rolstoel | elektrisch | rolstoel | toegankelijkheid
People & Body	👨‍🦼‍➡️	man in motorized wheelchair facing right
People & Body	👩‍🦼	woman in motorized wheelchair | accessibility | motorized | wheelchair | woman | vrouw in elektrische rolstoel | elektrisch | rolstoel | toegankelijkheid | vrouw
People & Body	👩‍🦼‍➡️	woman in motorized wheelchair facing right
People & Body	🧑‍🦽	person in manual wheelchair | accessibility | manual | person | wheelchair | persoon in rolstoel | rolstoel | toegankelijkheid
People & Body	🧑‍🦽‍➡️	person in manual wheelchair facing right
People & Body	👨‍🦽	man in manual wheelchair | accessibility | man | manual | wheelchair | man in rolstoel | handmatig | rolstoel | toegankelijkheid
People & Body	👨‍🦽‍➡️	man in manual wheelchair facing right
People & Body	👩‍🦽	woman in manual wheelchair | accessibility | manual | wheelchair | woman | vrouw in rolstoel | handmatig | rolstoel | toegankelijkheid | vrouw
People & Body	👩‍🦽‍➡️	woman in manual wheelchair facing right
People & Body	🏃	person running | fast | hurry | marathon | move | person | quick | race | racing | run | rush | speed | hardloper | hardlopen | hollen | joggen | man | persoon | rennen | snel | sport
People & Body	🏃‍♂️	man running | fast | hurry | man | marathon | move | quick | race | racing | run | rush | speed | rennende man | hardlopen | rennen
People & Body	🏃‍♀️	woman running | fast | hurry | marathon | move | quick | race | racing | run | rush | speed | woman | rennende vrouw | atleet | baan | beroep | haasten | hardlopen | kom eraan | persoon | rennen | snel | sport | vlug | vrouw | werk
People & Body	🏃‍➡️	person running facing right
People & Body	🏃‍♀️‍➡️	woman running facing right
People & Body	🏃‍♂️‍➡️	man running facing right
People & Body	💃	woman dancing | dance | dancer | dancing | elegant | festive | flair | flamenco | groove | let’s | salsa | tango | woman | dansende vrouw | dansen | dansende vrouw met rode jurk | danseres | feest | persoon | vrouw
People & Body	🕺	man dancing | dance | dancer | dancing | elegant | festive | flair | flamenco | groove | let’s | man | salsa | tango | dansende man | dansen | disco | feest | festival | persoon
People & Body	🕴️	person in suit levitating | business | levitating | person | suit | zwevende man in pak | pak | persoon | zaken | zwevend
People & Body	👯	people with bunny ears | bestie | bff | bunny | counterpart | dancer | double | ear | identical | pair | party | partying | people | soulmate | twin | twinsies | mensen met konijnenoren | dansen | danser | danseressen | feesten | konijnenoor | konijnenoren | meisje | personen | tweeling | vriendinnen | vrouw
People & Body	👯‍♂️	men with bunny ears | bestie | bff | bunny | counterpart | dancer | double | ear | identical | men | pair | party | partying | people | soulmate | twin | twinsies | mannen met konijnenoren | beste vrienden | dansen | danser | feesten | feestende mannen | konijnenoor | konijnenoren | mannen | twee dansers
People & Body	👯‍♀️	women with bunny ears | bestie | bff | bunny | counterpart | dancer | double | ear | identical | pair | party | partying | people | soulmate | twin | twinsies | women | vrouwen met konijnenoren | danseres | feesten | konijnenoor | vrouwen
People & Body	🧖	person in steamy room | day | luxurious | pamper | person | relax | room | sauna | spa | steam | steambath | unwind | persoon in ruimte vol stoom | hamam | ontspannen | persoon in stomende ruimte | relaxen | stoombad | stoomcabine | stoomruimte
People & Body	🧖‍♂️	man in steamy room | day | luxurious | man | pamper | relax | room | sauna | spa | steam | steambath | unwind | man in ruimte vol stoom | stoomruimte
People & Body	🧖‍♀️	woman in steamy room | day | luxurious | pamper | relax | room | sauna | spa | steam | steambath | unwind | woman | vrouw in ruimte vol stoom | stoomruimte
People & Body	🧗	person climbing | climb | climber | climbing | mountain | person | rock | scale | up | klimmende persoon | alpinisme | berg | bergbeklimmen | bergbeklimmer | klimmen | klimmer | sport
People & Body	🧗‍♂️	man climbing | climb | climber | climbing | man | mountain | rock | scale | up | klimmende man | klimmer
People & Body	🧗‍♀️	woman climbing | climb | climber | climbing | mountain | rock | scale | up | woman | klimmende vrouw | klimmer
People & Body	🤺	person fencing | fencer | fencing | person | sword | schermer | degen | persoon | schermen
People & Body	🏇	horse racing | horse | jockey | racehorse | racing | riding | sport | jockey op renpaard | paard | paardrijden | racen | renpaard
People & Body	⛷️	skier | ski | snow | skiër | sneeuw
People & Body	🏂	snowboarder | ski | snow | snowboard | sport | sneeuw
People & Body	🏌️	person golfing | ball | birdie | caddy | driving | golf | golfing | green | person | pga | putt | range | tee | golfer | bal | golfbaan | golfbal | persoon die golf speelt | sport
People & Body	🏌️‍♂️	man golfing | ball | birdie | caddy | driving | golf | golfing | green | man | pga | putt | range | tee | golfende man | golfen
People & Body	🏌️‍♀️	woman golfing | ball | birdie | caddy | driving | golf | golfing | green | pga | putt | range | tee | woman | golfende vrouw | bal | drivingrange | golfen | sport | vrouw
People & Body	🏄	person surfing | beach | ocean | person | sport | surf | surfer | surfing | swell | waves | golf | golven | oceaan | strand | surfen | surfende persoon | zee
People & Body	🏄‍♂️	man surfing | beach | man | ocean | sport | surf | surfer | surfing | swell | waves | mannelijke surfer | surfen
People & Body	🏄‍♀️	woman surfing | beach | ocean | person | sport | surf | surfer | surfing | swell | waves | vrouwelijke surfer | golven | surfen | surfende vrouw | vrouw
People & Body	🚣	person rowing boat | boat | canoe | cruise | fishing | lake | oar | paddle | person | raft | river | row | rowboat | rowing | persoon in roeiboot | boot | meer | persoon in boot | roeiboot | roeien | roeiende persoon | roeispaan | sport
People & Body	🚣‍♂️	man rowing boat | boat | canoe | cruise | fishing | lake | man | oar | paddle | raft | river | row | rowboat | rowing | man in roeiboot | boot | roeiboot
People & Body	🚣‍♀️	woman rowing boat | boat | canoe | cruise | fishing | lake | oar | paddle | raft | river | row | rowboat | rowing | woman | vrouw in roeiboot | boot | kano | meer | peddel | rivier | roeiboot | roeien | roeispaan | vissen | vlot | vrouw
People & Body	🏊	person swimming | freestyle | person | sport | swim | swimmer | swimming | triathlon | zwemmende persoon | persoon | triatlon | zwemmen | zwemmer
People & Body	🏊‍♂️	man swimming | freestyle | man | sport | swim | swimmer | swimming | triathlon | zwemmende man | zwemmen
People & Body	🏊‍♀️	woman swimming | freestyle | man | sport | swim | swimmer | swimming | triathlon | zwemmende vrouw | vrouw | zwemmen | zwemster
People & Body	⛹️	person bouncing ball | athletic | ball | basketball | bouncing | championship | dribble | net | person | player | throw | basketbalspeler | bal | basketbal | basketballer | dribbelen | nba | persoon met bal | sport | vrije worp
People & Body	⛹️‍♂️	man bouncing ball | athletic | ball | basketball | bouncing | championship | dribble | man | net | player | throw | basketballer | bal
People & Body	⛹️‍♀️	woman bouncing ball | athletic | ball | basketball | bouncing | championship | dribble | net | player | throw | woman | basketbalster | bal | basketbal | sport | vrouw | vrouw met bal
People & Body	🏋️	person lifting weights | barbell | bodybuilder | deadlift | lifter | lifting | person | powerlifting | weight | weightlifter | weights | workout | gewichtheffer | gewicht | heffer | krachtsport | krachttraining | sport | sportschool | sterk | trainen | work-out
People & Body	🏋️‍♂️	man lifting weights | barbell | bodybuilder | deadlift | lifter | lifting | man | powerlifting | weight | weightlifter | weights | workout | mannelijke gewichtheffer | gewichtheffen
People & Body	🏋️‍♀️	woman lifting weights | barbell | bodybuilder | deadlift | lifter | lifting | powerlifting | weight | weightlifter | weights | woman | workout | vrouwelijke gewichtheffer | gewichtheffen | gewichtheffende vrouw | sport | vrouw
People & Body	🚴	person biking | bicycle | bicyclist | bike | biking | cycle | cyclist | person | riding | sport | fietsende persoon | fiets | fietsen | fietser | persoon | wielrennen
People & Body	🚴‍♂️	man biking | bicycle | bicyclist | bike | biking | cycle | cyclist | man | riding | sport | fietsende man | fiets | fietsen | wielrenner
People & Body	🚴‍♀️	woman biking | bicycle | bicyclist | bike | biking | cycle | cyclist | riding | sport | woman | fietsende vrouw | fiets | fietsen | fietster | vrouw | wielrennen
People & Body	🚵	person mountain biking | bicycle | bicyclist | bike | biking | cycle | cyclist | mountain | person | riding | sport | persoon op mountainbike | berg | fiets | fietsen | fietser | mountainbiken | persoon
People & Body	🚵‍♂️	man mountain biking | bicycle | bicyclist | bike | biking | cycle | cyclist | man | mountain | riding | sport | man op mountainbike | berg | fiets | fietsen | fietser
People & Body	🚵‍♀️	woman mountain biking | bicycle | bicyclist | bike | biking | cycle | cyclist | mountain | riding | sport | woman | vrouw op mountainbike | berg | fiets | fietsen | fietster | mountainbiken | vrouw
People & Body	🤸	person cartwheeling | active | cartwheel | cartwheeling | excited | flip | gymnastics | happy | person | somersault | persoon die een radslag doet | blij | buiten | gymnastiek | olympische spelen | persoon | radslag | sport | turnen
People & Body	🤸‍♂️	man cartwheeling | active | cartwheel | cartwheeling | excited | flip | gymnastics | happy | man | somersault | man die een radslag doet | blij | gymnastiek | lenig | man doet radslag | persoon | radslag | sport | turnen | turner
People & Body	🤸‍♀️	woman cartwheeling | active | cartwheel | cartwheeling | excited | flip | gymnastics | happy | somersault | woman | vrouw die een radslag doet | blij | gymnastiek | lenig | persoon | radslag | sport | turnen | turnster | vrouw | vrouw doet radslag
People & Body	🤼	people wrestling | combat | duel | grapple | people | ring | tournament | wrestle | wrestling | personen die worstelen | olympische spelen | sport | toernooi | worstelaar | worstelen
People & Body	🤼‍♂️	men wrestling | combat | duel | grapple | men | ring | tournament | wrestle | wrestling | worstelende mannen | mannen | persoon | sport | strijd | toernooi | worstelaars | worstelen
People & Body	🤼‍♀️	women wrestling | combat | duel | grapple | ring | tournament | women | wrestle | wrestling | worstelende vrouwen | olympische spelen | persoon | sport | strijd | toernooi | vechten | vrouwen | worstelen
People & Body	🤽	person playing water polo | person | playing | polo | sport | swimming | water | waterpolo | persoon die waterpolo speelt | persoon | spelen | zwemmen
People & Body	🤽‍♂️	man playing water polo | man | playing | polo | sport | swimming | water | waterpolo | man die waterpolo speelt | spelen | zwemmen
People & Body	🤽‍♀️	woman playing water polo | playing | polo | sport | swimming | water | waterpolo | woman | vrouw die waterpolo speelt | spelen | vrouw | zwemmen
People & Body	🤾	person playing handball | athletics | ball | catch | chuck | handball | hurl | lob | person | pitch | playing | sport | throw | toss | persoon die handbal speelt | bal | gooien | handbal | springen | worp
People & Body	🤾‍♂️	man playing handball | athletics | ball | catch | chuck | handball | hurl | lob | man | pitch | playing | sport | throw | toss | man die handbal speelt | handballen | handballende man | handballer
People & Body	🤾‍♀️	woman playing handball | athletics | ball | catch | chuck | handball | hurl | lob | pitch | playing | sport | throw | toss | woman | vrouw die handbal speelt | bal | gooien | handballen | handballende vrouw | springen | vrouw | worp
People & Body	🤹	person juggling | act | balance | balancing | handle | juggle | juggling | manage | multitask | person | skill | persoon die jongleert | balanceren | balans | beheren | hanteren | jongleren | multitasken | nummer | persoon | vaardigheid
People & Body	🤹‍♂️	man juggling | act | balance | balancing | handle | juggle | juggling | man | manage | multitask | skill | man die jongleert | ballen | goochelaar | jongleren | jonglerende man | jongleur | multitasken | vaardigheid
People & Body	🤹‍♀️	woman juggling | act | balance | balancing | handle | juggle | juggling | manage | multitask | skill | woman | vrouw die jongleert | jongleren | jonglerende vrouw | multitasken | vrouw
People & Body	🧘	person in lotus position | cross | legged | legs | lotus | meditation | peace | person | position | relax | serenity | yoga | yogi | zen | persoon in lotushouding | benen gekruist | kleermakerszit | meditatie | ontspannen
People & Body	🧘‍♂️	man in lotus position | cross | legged | legs | lotus | man | meditation | peace | position | relax | serenity | yoga | yogi | zen | man in lotushouding | meditatie
People & Body	🧘‍♀️	woman in lotus position | cross | legged | legs | lotus | meditation | peace | position | relax | serenity | woman | yoga | yogi | zen | vrouw in lotushouding | meditatie
People & Body	🛀	person taking bath | bath | bathtub | person | taking | tub | persoon in badkuip | bad | badkuip | badkuip met douche | persoon in bad
People & Body	🛌	person in bed | bed | bedtime | good | goodnight | hotel | nap | night | person | sleep | tired | zzz | persoon in bed | deken | dutje | goedenacht | moe | slaap | slaapwel | slapen | vermoeid | welterusten
People & Body	🧑‍🤝‍🧑	people holding hands | bae | bestie | bff | couple | dating | flirt | friends | hand | hold | people | twins | personen hand in hand | hand in hand | handen vasthouden | koppeltje | paar | persoon | samen | stel | vasthouden
People & Body	👭	women holding hands | bae | bestie | bff | couple | dating | flirt | friends | girls | hand | hold | sisters | twins | women | vrouwen hand in hand | beste vrienden | daten | flirten | meisjes | paar | schatje | tweeling | vasthouden | vrienden | vrouwen | zussen
People & Body	👫	woman and man holding hands | bae | bestie | bff | couple | dating | flirt | friends | hand | hold | man | twins | woman | man en vrouw hand in hand | afspraakje | date | flirten | hand in hand | koppel | stel | vasthouden | verliefd | vrienden | vrouw
People & Body	👬	men holding hands | bae | bestie | bff | boys | brothers | couple | dating | flirt | friends | hand | hold | men | twins | mannen hand in hand | beste vrienden | broers | daten | flirten | jongens | mannen | paar | schatje | tweeling | vasthouden | vrienden
People & Body	💏	kiss | anniversary | babe | bae | couple | date | dating | heart | love | mwah | person | romance | together | xoxo | kus | afspraakje | kussen | liefde | personen | romantiek | stel | stelletje | verliefd
People & Body	👩‍❤️‍💋‍👨	kiss: woman, man
People & Body	👨‍❤️‍💋‍👨	kiss: man, man
People & Body	👩‍❤️‍💋‍👩	kiss: woman, woman
People & Body	💑	couple with heart | anniversary | babe | bae | couple | dating | heart | kiss | love | person | relationship | romance | together | you | stel met hart | hart | jubileum | liefde | personen | relatie | romantiek | stel | stelletje | stelletje met hart | verliefd
People & Body	👩‍❤️‍👨	couple with heart: woman, man
People & Body	👨‍❤️‍👨	couple with heart: man, man
People & Body	👩‍❤️‍👩	couple with heart: woman, woman
People & Body	👨‍👩‍👦	family: man, woman, boy
People & Body	👨‍👩‍👧	family: man, woman, girl
People & Body	👨‍👩‍👧‍👦	family: man, woman, girl, boy
People & Body	👨‍👩‍👦‍👦	family: man, woman, boy, boy
People & Body	👨‍👩‍👧‍👧	family: man, woman, girl, girl
People & Body	👨‍👨‍👦	family: man, man, boy
People & Body	👨‍👨‍👧	family: man, man, girl
People & Body	👨‍👨‍👧‍👦	family: man, man, girl, boy
People & Body	👨‍👨‍👦‍👦	family: man, man, boy, boy
People & Body	👨‍👨‍👧‍👧	family: man, man, girl, girl
People & Body	👩‍👩‍👦	family: woman, woman, boy
People & Body	👩‍👩‍👧	family: woman, woman, girl
People & Body	👩‍👩‍👧‍👦	family: woman, woman, girl, boy
People & Body	👩‍👩‍👦‍👦	family: woman, woman, boy, boy
People & Body	👩‍👩‍👧‍👧	family: woman, woman, girl, girl
People & Body	👨‍👦	family: man, boy
People & Body	👨‍👦‍👦	family: man, boy, boy
People & Body	👨‍👧	family: man, girl
People & Body	👨‍👧‍👦	family: man, girl, boy
People & Body	👨‍👧‍👧	family: man, girl, girl
People & Body	👩‍👦	family: woman, boy
People & Body	👩‍👦‍👦	family: woman, boy, boy
People & Body	👩‍👧	family: woman, girl
People & Body	👩‍👧‍👦	family: woman, girl, boy
People & Body	👩‍👧‍👧	family: woman, girl, girl
People & Body	🗣️	speaking head | face | head | silhouette | speak | speaking | silhouet van sprekend hoofd | gezicht | hoofd | silhouet | spreek | spreken
People & Body	👤	bust in silhouette | bust | mysterious | shadow | silhouette | silhouet van persoon | buste | mysterieus | schaduw | silhouet
People & Body	👥	busts in silhouette | bff | bust | busts | everyone | friend | friends | people | silhouette | silhouet van twee personen | buste | bustes in silhouet | schaduw | silhouet | vrienden
People & Body	🫂	people hugging | comfort | embrace | farewell | friendship | goodbye | hello | hug | hugging | love | people | thanks | personen in een omhelzing | bedankt | dag | hallo | knuffel | knuffelen | liefde | omhelzing | persoon | vriendschap
People & Body	👪	family | child | gezin | kind
People & Body	🧑‍🧑‍🧒	family: adult, adult, child | adult | child | family | gezin: volwassene, volwassene, kind | gezin | kind | volwassene
People & Body	🧑‍🧑‍🧒‍🧒	family: adult, adult, child, child | adult | child | family | gezin: volwassene, volwassene, kind, kind | gezin | kind | volwassene
People & Body	🧑‍🧒	family: adult, child | adult | child | family | gezin: volwassene, kind | gezin | kind | volwassene
People & Body	🧑‍🧒‍🧒	family: adult, child, child | adult | child | family | gezin: volwassene, kind, kind | gezin | kind | volwassene
People & Body	👣	footprints | barefoot | clothing | footprint | omw | print | walk | voetafdrukken | afdruk | blote voeten | kleding | lopen | onderweg | voetafdruk
Animals & Nature	🐵	monkey face | animal | banana | face | monkey | apengezicht | aap | banaan | dier | gezicht
Animals & Nature	🐒	monkey | animal | banana | aap | banaan | dier
Animals & Nature	🦍	gorilla | animal | dier
Animals & Nature	🦧	orangutan | animal | ape | monkey | orang-oetang | aap | dier
Animals & Nature	🐶	dog face | adorbs | animal | dog | face | pet | puppies | puppy | hondengezicht | dier | gezicht | hond | huisdier | puppy’s | schattig
Animals & Nature	🐕	dog | animal | animals | dogs | pet | hond | dier | dieren | honden | huisdier
Animals & Nature	🦮	guide dog | accessibility | animal | blind | dog | guide | blindengeleidehond | dier | geleide | hond | toegankelijkheid
Animals & Nature	🐕‍🦺	service dog | accessibility | animal | assistance | dog | service | assistentiehond | assistentie | dier | hond | hulp | toegankelijkheid
Animals & Nature	🐩	poodle | animal | dog | fluffy | poedel | dier | hond | pluizig
Animals & Nature	🐺	wolf | animal | face | dier | gezicht
Animals & Nature	🦊	fox | animal | face | vos | dier | gezicht
Animals & Nature	🦝	raccoon | animal | curious | sly | wasbeer | dier | nieuwsgierig | sluw
Animals & Nature	🐱	cat face | animal | cat | face | kitten | kitty | pet | kattengezicht | dier | gezicht | huisdier | kat
Animals & Nature	🐈	cat | animal | animals | cats | kitten | pet | kat | dier | dieren | huisdier | katten
Animals & Nature	🐈‍⬛	black cat | animal | black | cat | feline | halloween | meow | unlucky | zwarte kat | dier | kat | katachtig | miauw | pech | zwart
Animals & Nature	🦁	lion | alpha | animal | face | leo | mane | order | rawr | roar | safari | strong | zodiac | leeuw | alfa | brul | dier | gezicht | manen | orde | sterk | sterrenbeeld
Animals & Nature	🐯	tiger face | animal | big | cat | face | predator | tiger | tijgergezicht | dier | gezicht | groot | kat | roofdier | tijger
Animals & Nature	🐅	tiger | animal | big | cat | predator | zoo | tijger | dier | dierentuin | groot | kat | roofdier
Animals & Nature	🐆	leopard | animal | big | cat | predator | zoo | luipaard | dier | dierentuin | groot | kat | roofdier
Animals & Nature	🐴	horse face | animal | dressage | equine | face | farm | horse | horses | paardengezicht | boerderij | dier | dressuur | gezicht | paard | paarden
Animals & Nature	🫎	moose | alces | animal | antlers | elk | mammal | eland | dier | gewei | zoogdier
Animals & Nature	🫏	donkey | animal | ass | burro | hinny | mammal | mule | stubborn | ezel | dier | grauwtje | koppig | muildier | pakezel | zoogdier
Animals & Nature	🐎	horse | animal | equestrian | farm | racehorse | racing | paard | boerderij | dier | racen | renpaard | ruitersport
Animals & Nature	🦄	unicorn | face | eenhoorn | gezicht
Animals & Nature	🦓	zebra | animal | stripe | dier | streep
Animals & Nature	🦌	deer | animal | hert | dier
Animals & Nature	🦬	bison | animal | buffalo | herd | wisent | bizon | buffel | dier | kudde
Animals & Nature	🐮	cow face | animal | cow | face | farm | milk | moo | koeiengezicht | boe | boerderij | dier | gezicht | koe | melk
Animals & Nature	🐂	ox | animal | animals | bull | farm | taurus | zodiac | os | boerderij | dier | dieren | sterrenbeeld | stier
Animals & Nature	🐃	water buffalo | animal | buffalo | water | zoo | waterbuffel | buffel | dier | dierentuin
Animals & Nature	🐄	cow | animal | animals | farm | milk | moo | koe | boe | boerderij | dier | dieren | melk
Animals & Nature	🐷	pig face | animal | bacon | face | farm | pig | pork | varkensgezicht | boerderij | dier | gezicht | spek | varken
Animals & Nature	🐖	pig | animal | bacon | farm | pork | sow | varken | boerderij | dier | spek | zeug
Animals & Nature	🐗	boar | animal | pig | zwijn | dier | varken
Animals & Nature	🐽	pig nose | animal | face | farm | nose | pig | smell | snout | varkensneus | gezicht | neus | varken
Animals & Nature	🐏	ram | animal | aries | horns | male | sheep | zodiac | zoo | dier | dierentuin | horens | mannelijk | schaap | sterrenbeeld
Animals & Nature	🐑	ewe | animal | baa | farm | female | fluffy | lamb | sheep | wool | ooi | blaten | boerderij | dier | lam | schaap | vrouwelijk | wol | wollig
Animals & Nature	🐐	goat | animal | capricorn | farm | milk | zodiac | geit | boerderij | dier | melk | sterrenbeeld
Animals & Nature	🐪	camel | animal | desert | dromedary | hump | one | dromedaris | bult | dier | één | kameel | woestijn
Animals & Nature	🐫	two-hump camel | animal | bactrian | camel | desert | hump | two | two-hump | kameel | bult | dier | dromedaris | twee | twee bulten | woestijn
Animals & Nature	🦙	llama | alpaca | animal | guanaco | vicuña | wool | lama | dier | wol
Animals & Nature	🦒	giraffe | animal | spots | dier | vlekken
Animals & Nature	🐘	elephant | animal | olifant | dier
Animals & Nature	🦣	mammoth | animal | extinction | large | tusk | wooly | mammoet | dier | groot | slagtand | uitsterven | wollig
Animals & Nature	🦏	rhinoceros | animal | neushoorn | dier
Animals & Nature	🦛	hippopotamus | animal | hippo | nijlpaard | dier
Animals & Nature	🐭	mouse face | animal | face | mouse | muizengezicht | dier | gezicht | muis
Animals & Nature	🐁	mouse | animal | animals | muis | dier | dieren
Animals & Nature	🐀	rat | animal | dier
Animals & Nature	🐹	hamster | animal | face | pet | dier | gezicht | huisdier
Animals & Nature	🐰	rabbit face | animal | bunny | face | pet | rabbit | konijnengezicht | dier | gezicht | huisdier | konijn
Animals & Nature	🐇	rabbit | animal | bunny | pet | konijn | dier | huisdier | konijntje
Animals & Nature	🐿️	chipmunk | animal | squirrel | eekhoorn | dier
Animals & Nature	🦫	beaver | animal | dam | teeth | bever | dier | tanden
Animals & Nature	🦔	hedgehog | animal | spiny | egel | dier | stekelig
Animals & Nature	🦇	bat | animal | vampire | vleermuis | dier | vampier
Animals & Nature	🐻	bear | animal | face | grizzly | growl | honey | beer | dier | gezicht | grommen | honing
Animals & Nature	🐻‍❄️	polar bear | animal | arctic | bear | polar | white | ijsbeer | beer | noordpool | wit
Animals & Nature	🐨	koala | animal | australia | bear | down | face | marsupial | under | australië | beer | buideldier | dier | gezicht
Animals & Nature	🐼	panda | animal | bamboo | face | bamboe | dier | gezicht
Animals & Nature	🦥	sloth | lazy | slow | luiaard | lui | traag
Animals & Nature	🦦	otter | animal | fishing | playful | dier | speels | vissen
Animals & Nature	🦨	skunk | animal | stink | stinkdier | dier | stank
Animals & Nature	🦘	kangaroo | animal | joey | jump | marsupial | kangoeroe | buideldier | dier | springen
Animals & Nature	🦡	badger | animal | honey | pester | das | dier | honing | kwellen
Animals & Nature	🐾	paw prints | feet | paw | paws | print | prints | pootafdrukken | afdruk | poot | poten
Animals & Nature	🦃	turkey | bird | gobble | thanksgiving | kalkoen | dier | gevogelte
Animals & Nature	🐔	chicken | animal | bird | ornithology | kip | dier | gevogelte
Animals & Nature	🐓	rooster | animal | bird | ornithology | haan | dier | ornithologie | vogel
Animals & Nature	🐣	hatching chick | animal | baby | bird | chick | egg | hatching | kuiken uit ei | dier | ei | kuiken | uitkomen | vogel
Animals & Nature	🐤	baby chick | animal | baby | bird | chick | ornithology | kuikentje | dier | gevogelte | kuiken | vogel
Animals & Nature	🐥	front-facing baby chick | animal | baby | bird | chick | front-facing | newborn | ornithology | naar voren kijkend kuikentje | dier | gevogelte | kuiken | vogel
Animals & Nature	🐦	bird | animal | ornithology | vogel | dier | duif
Animals & Nature	🐧	penguin | animal | antarctica | bird | ornithology | pinguïn | dier | vogel
Animals & Nature	🕊️	dove | bird | fly | ornithology | peace | duif | ornithologie | vliegen | vogel | vrede
Animals & Nature	🦅	eagle | animal | bird | ornithology | adelaar | dier | ornithologie | vogel
Animals & Nature	🦆	duck | animal | bird | ornithology | eend | dier | vogel | woerd
Animals & Nature	🦢	swan | animal | bird | cygnet | duckling | ornithology | ugly | zwaan | dier | jonge zwaan | lelijk eendje | vogel | zwanenjong
Animals & Nature	🦉	owl | animal | bird | ornithology | wise | uil | dier | vogel | wijs | wijsheid
Animals & Nature	🦤	dodo | animal | bird | extinction | large | ornithology | dier | groot | ornithologie | uitsterven | vogel
Animals & Nature	🪶	feather | bird | flight | light | plumage | veer | licht | verenkleed | vlucht | vogel
Animals & Nature	🦩	flamingo | animal | bird | flamboyant | ornithology | tropical | dier | ornithologie | tropisch | vogel
Animals & Nature	🦚	peacock | animal | bird | colorful | ornithology | ostentatious | peahen | pretty | proud | pauw | dier | kleurrijk | mooie vogel | opzichtig | pauwhen | pronkerig | trots | trots als een pauw | vogel
Animals & Nature	🦜	parrot | animal | bird | ornithology | pirate | talk | papegaai | dier | lorre | napraten | piraat | praten | vogel
Animals & Nature	🪽	wing | angelic | ascend | aviation | bird | fly | flying | heavenly | mythology | soar | vleugel | engelachtig | luchtvaart | mythologie | vliegen | vogel
Animals & Nature	🐦‍⬛	black bird | animal | beak | bird | black | caw | corvid | crow | ornithology | raven | rook | merel | dier | kauw | kraai | kraaiachtige | ornithologie | raaf | roek | snavel | vogel | zwart
Animals & Nature	🪿	goose | animal | bird | duck | flock | fowl | gaggle | gander | geese | honk | ornithology | silly | gans | gevogelte | onnozel | snateren | vogel
Animals & Nature	🐦‍🔥	phoenix | ascend | ascension | emerge | fantasy | firebird | glory | immortal | rebirth | reincarnation | reinvent | renewal | revival | revive | rise | transform | feniks | as | fantasie | hergeboorte | herrezen | mythe | reïncarnatie | vogel | vuurvogel
Animals & Nature	🐸	frog | animal | face | kikker | dier | gezicht
Animals & Nature	🐊	crocodile | animal | zoo | krokodil | dier | dierentuin
Animals & Nature	🐢	turtle | animal | terrapin | tortoise | schildpad | dier | waterschildpad
Animals & Nature	🦎	lizard | animal | reptile | hagedis | dier | reptiel
Animals & Nature	🐍	snake | animal | bearer | ophiuchus | serpent | zodiac | slang | dier | dierenriem | drager
Animals & Nature	🐲	dragon face | animal | dragon | face | fairy | fairytale | tale | drakengezicht | dier | draak | gezicht | sprookje
Animals & Nature	🐉	dragon | animal | fairy | fairytale | knights | tale | draak | dier | ridders | sprookje
Animals & Nature	🦕	sauropod | brachiosaurus | brontosaurus | dinosaur | diplodocus | sauropode | dinosaurus
Animals & Nature	🦖	t-rex | dinosaur | rex | t | tyrannosaurus | dinosaurus
Animals & Nature	🐳	spouting whale | animal | beach | face | ocean | spouting | whale | spuitende walvis | dier | gezicht | oceaan | spuitend | strand | walvis
Animals & Nature	🐋	whale | animal | beach | ocean | walvis | dier | oceaan | strand
Animals & Nature	🐬	dolphin | animal | beach | flipper | ocean | dolfijn | dier | oceaan | strand
Animals & Nature	🦭	seal | animal | lion | ocean | sea | zeehond | dier | leeuw | oceaan | zee
Animals & Nature	🐟	fish | animal | dinner | fishes | fishing | pisces | zodiac | vis | dier | eten | sterrenbeeld | vissen
Animals & Nature	🐠	tropical fish | animal | fish | fishes | tropical | tropische vis | dier | tropisch | vis | vissen
Animals & Nature	🐡	blowfish | animal | fish | kogelvis | dier | vis
Animals & Nature	🦈	shark | animal | fish | haai | dier | vis
Animals & Nature	🐙	octopus | animal | creature | ocean | dier | oceaan | wezen
Animals & Nature	🐚	spiral shell | animal | beach | conch | sea | shell | spiral | schelp | dier | spiraal | strand | zee
Animals & Nature	🪸	coral | change | climate | ocean | reef | sea | koraal | klimaat | oceaan | rif | verandering | zee
Animals & Nature	🪼	jellyfish | animal | aquarium | burn | invertebrate | jelly | life | marine | ocean | ouch | plankton | sea | sting | stinger | tentacles | kwal | au | beet | branden | dier | gelei | leven | oceaan | ongewerveld | stekel | tentakels | zee
Animals & Nature	🐌	snail | animal | escargot | garden | nature | slug | slak | dier | naaktslak | natuur | tuin
Animals & Nature	🦋	butterfly | insect | pretty | vlinder | mooi
Animals & Nature	🐛	bug | animal | garden | insect | beestje | dier | tuin
Animals & Nature	🐜	ant | animal | garden | insect | mier | dier | tuin
Animals & Nature	🐝	honeybee | animal | bee | bumblebee | honey | insect | nature | spring | honingbij | bij | dier | hommel | honing | lente | natuur
Animals & Nature	🪲	beetle | animal | bug | insect | kever | beestje | dier
Animals & Nature	🐞	lady beetle | animal | beetle | garden | insect | lady | ladybird | ladybug | nature | lieveheersbeestje | dier | kever | lieveheersbeest | natuur | tuin
Animals & Nature	🦗	cricket | animal | bug | grasshopper | insect | orthoptera | krekel | dier | sprinkhaan
Animals & Nature	🪳	cockroach | animal | insect | pest | roach | kakkerlak | bakkerstor | dier | plaag
Animals & Nature	🕷️	spider | animal | insect | spin | dier
Animals & Nature	🕸️	spider web | spider | web | spinnenweb | spin
Animals & Nature	🦂	scorpion | scorpio | scorpius | zodiac | schorpioen | sterrenbeeld
Animals & Nature	🦟	mosquito | bite | disease | fever | insect | malaria | pest | virus | mug | beet | koorts | ongedierte | ziekte
Animals & Nature	🪰	fly | animal | disease | insect | maggot | pest | rotting | vlieg | dier | made | ongedierte | rottend | ziekte
Animals & Nature	🪱	worm | animal | annelid | earthworm | parasite | dier | parasiet | regenworm | ringworm
Animals & Nature	🦠	microbe | amoeba | bacteria | science | virus | amoebe | bacteriën | wetenschap
Animals & Nature	💐	bouquet | anniversary | birthday | date | flower | love | plant | romance | boeket | afspraakje | bedankt | beterschap | bloem | jubileum | romantiek | verjaardag
Animals & Nature	🌸	cherry blossom | blossom | cherry | flower | plant | spring | springtime | kersenbloesem | bloem | bloesem | kers | lente | voorjaar
Animals & Nature	💮	white flower | flower | white | witte bloem | bloem | wit
Animals & Nature	🪷	lotus | beauty | buddhism | calm | flower | hinduism | peace | purity | serenity | bloem | boeddhisme | hindoeïsme | puurheid | rust | schoonheid | sereen | vrede
Animals & Nature	🏵️	rosette | plant | rozet
Animals & Nature	🌹	rose | beauty | elegant | flower | love | plant | red | valentine | roos | bloem | liefde | rood | schoonheid | valentijn
Animals & Nature	🥀	wilted flower | dying | flower | wilted | verwelkte bloem | bloem | sterven | verwelkt
Animals & Nature	🌺	hibiscus | flower | plant | bloem
Animals & Nature	🌻	sunflower | flower | outdoors | plant | sun | zonnebloem | bloem | buiten | zon
Animals & Nature	🌼	blossom | buttercup | dandelion | flower | plant | bloesem | bloem | boterbloem | paardenbloem
Animals & Nature	🌷	tulip | blossom | flower | growth | plant | tulp | bloem | bloesem | groei
Animals & Nature	🪻	hyacinth | bloom | bluebonnet | flower | indigo | lavender | lilac | lupine | plant | purple | shrub | snapdragon | spring | violet | hyacint | bloem | lavendel | leeuwenbek | vlinderbloemige
Animals & Nature	🌱	seedling | plant | sapling | sprout | young | zaailing | jong | spruit | stekje
Animals & Nature	🪴	potted plant | decor | grow | house | nurturing | plant | pot | potted | potplant | groeien | huis | verzorgen
Animals & Nature	🌲	evergreen tree | christmas | evergreen | forest | pine | tree | naaldboom | boom | bos | dennenboom | kerst
Animals & Nature	🌳	deciduous tree | deciduous | forest | green | habitat | shedding | tree | loofboom | boom | bos | groen | verliezen
Animals & Nature	🌴	palm tree | beach | palm | plant | tree | tropical | palmboom | boom | strand | tropisch
Animals & Nature	🌵	cactus | desert | drought | nature | plant | droogte | natuur | woestijn
Animals & Nature	🌾	sheaf of rice | ear | grain | grains | plant | rice | sheaf | rijstplant | aar | graan | granen | rijst | rijstaar
Animals & Nature	🌿	herb | leaf | plant | kruid | blad
Animals & Nature	☘️	shamrock | irish | plant | klavertjedrie | iers
Animals & Nature	🍀	four leaf clover | 4 | clover | four | four-leaf | irish | leaf | lucky | plant | klavertjevier | blad | geluk | iers | klaver | vier
Animals & Nature	🍁	maple leaf | falling | leaf | maple | esdoornblad | blad | esdoorn | vallend
Animals & Nature	🍂	fallen leaf | autumn | fall | fallen | falling | leaf | vallende bladeren | blad | gevallen | herfst | vallend
Animals & Nature	🍃	leaf fluttering in wind | blow | flutter | fluttering | leaf | wind | blad in de wind | blad | blazen | fladderen
Animals & Nature	🪹	empty nest | branch | empty | home | nest | nesting | leeg nest | leeg | nestelen | tak | thuis
Animals & Nature	🪺	nest with eggs | bird | branch | egg | eggs | nest | nesting | nest met eieren | ei | eieren | nestelen | tak | vogel
Animals & Nature	🍄	mushroom | fungus | toadstool | paddenstoel | schimmel | zwam
Food & Drink	🍇	grapes | dionysus | fruit | grape | druiven | druif
Food & Drink	🍈	melon | cantaloupe | fruit | meloen | kanteloep
Food & Drink	🍉	watermelon | fruit | watermeloen
Food & Drink	🍊	tangerine | c | citrus | fruit | nectarine | orange | vitamin | mandarijn | sinaasappel | vitamine
Food & Drink	🍋	lemon | citrus | fruit | sour | citroen | zuur
Food & Drink	🍋‍🟩	lime | acidity | citrus | cocktail | fruit | garnish | key | margarita | mojito | refreshing | salsa | sour | tangy | tequila | tropical | zest | limoen | groen | sap | tropisch | vrucht | zuur
Food & Drink	🍌	banana | fruit | potassium | banaan | kalium
Food & Drink	🍍	pineapple | colada | fruit | pina | tropical | ananas | eten | tropisch | voedsel
Food & Drink	🥭	mango | food | fruit | tropical | eten | tropisch
Food & Drink	🍎	red apple | apple | diet | food | fruit | health | red | ripe | rode appel | appel | dieet | gezondheid | rijp | rood | voedsel
Food & Drink	🍏	green apple | apple | fruit | green | groene appel | appel | groen
Food & Drink	🍐	pear | fruit | peer
Food & Drink	🍑	peach | fruit | perzik
Food & Drink	🍒	cherries | berries | cherry | fruit | red | kersen | bessen | kers | rood
Food & Drink	🍓	strawberry | berry | fruit | aardbei | bes
Food & Drink	🫐	blueberries | berries | berry | bilberry | blue | blueberry | food | fruit | bosbessen | bes | bessen | blauw | blauwbessen | bosbes | voedsel
Food & Drink	🥝	kiwi fruit | food | fruit | kiwi | voedsel
Food & Drink	🍅	tomato | food | fruit | vegetable | tomaat | groente | voedsel
Food & Drink	🫒	olive | food | olijf | voedsel
Food & Drink	🥥	coconut | colada | palm | piña | kokosnoot | eten | palmboom | pina colada | voedsel
Food & Drink	🥑	avocado | food | fruit | voedsel
Food & Drink	🍆	eggplant | aubergine | vegetable | groente
Food & Drink	🥔	potato | food | vegetable | aardappel | groente | voedsel
Food & Drink	🥕	carrot | food | vegetable | wortel | groente | voedsel
Food & Drink	🌽	ear of corn | corn | crops | ear | farm | maize | maze | maïskolf | boerderij | doolhof | gewassen | kolf | maïs
Food & Drink	🌶️	hot pepper | hot | pepper | hete peper | heet | peper
Food & Drink	🫑	bell pepper | bell | capsicum | food | pepper | vegetable | paprika | groente | peper | voedsel
Food & Drink	🥒	cucumber | food | pickle | vegetable | komkommer | augurk | eten | groente
Food & Drink	🥬	leafy green | bok | burgers | cabbage | choy | green | kale | leafy | lettuce | salad | bladgroente | bladgroen | boerenkool | bok choy | kool | paksoi | salade | sla
Food & Drink	🥦	broccoli | cabbage | wild | kool
Food & Drink	🧄	garlic | flavoring | knoflook | smaakmaker
Food & Drink	🧅	onion | flavoring | ui | smaakmaker
Food & Drink	🥜	peanuts | food | nut | peanut | vegetable | pinda’s | eten | groente | noot | pinda
Food & Drink	🫘	beans | food | kidney | legume | small | bonen | kidneyboon | klein | peulvrucht | voedsel
Food & Drink	🌰	chestnut | almond | plant | kastanje | amandel
Food & Drink	🫚	ginger root | beer | ginger | health | herb | natural | root | spice | gemberwortel | bier | gember | specerij | wortel
Food & Drink	🫛	pea pod | beans | beanstalk | edamame | legume | pea | pod | soybean | vegetable | veggie | erwtendop | bonen | dop | erwt | groente | peul | peulvrucht
Food & Drink	🍄‍🟫	brown mushroom | food | fungi | fungus | mushroom | nature | pizza | portobello | shiitake | shroom | spore | sprout | toppings | truffle | vegetable | vegetarian | veggie | bruine paddestoel | bruine paddenstoel | champignon | eten | groente | natuur | paddenstoel | paddo | schimmel
Food & Drink	🍞	bread | carbs | food | grain | loaf | restaurant | toast | wheat | brood | eten | koolhydraten | tarwe | voedsel
Food & Drink	🥐	croissant | bread | breakfast | crescent | food | french | roll | brood | eten | frans | ontbijt | voedsel
Food & Drink	🥖	baguette bread | baguette | bread | food | french | stokbrood | brood | eten | frans
Food & Drink	🫓	flatbread | arepa | bread | food | gordita | lavash | naan | pita | platbrood | brood | eten
Food & Drink	🥨	pretzel | convoluted | twisted | gedraaid | krakeling
Food & Drink	🥯	bagel | bakery | bread | breakfast | schmear | bakkerij | brood | ontbijt | spread
Food & Drink	🥞	pancakes | breakfast | crêpe | food | hotcake | pancake | pannenkoeken | eten | flensje | ontbijt | pannenkoek
Food & Drink	🧇	waffle | breakfast | indecisive | iron | wafel | besluiteloos | ijzer | ontbijt
Food & Drink	🧀	cheese wedge | cheese | wedge | stuk kaas | kaas | plak
Food & Drink	🍖	meat on bone | bone | meat | vlees met bot | bot | vlees
Food & Drink	🍗	poultry leg | bone | chicken | drumstick | hungry | leg | poultry | turkey | kippenpoot | bot | gevogelte | honger | kalkoen | kip | poot
Food & Drink	🥩	cut of meat | chop | cut | lambchop | meat | porkchop | red | steak | vlees | biefstuk | bout | karbonade | kotelet | lamskotelet | rood
Food & Drink	🥓	bacon | breakfast | food | meat | eten | ontbijt | spek | vlees
Food & Drink	🍔	hamburger | burger | eat | fast | food | hungry | eten | fastfood | honger
Food & Drink	🍟	french fries | fast | food | french | fries | patat | eten | fastfood | frans | frietjes
Food & Drink	🍕	pizza | cheese | food | hungry | pepperoni | slice | pizzapunt | eten | honger | kaas | punt
Food & Drink	🌭	hot dog | dog | frankfurter | hot | hotdog | sausage | braadworst | knakworst | worst
Food & Drink	🥪	sandwich | bread | boterham | brood
Food & Drink	🌮	taco | mexican | mexicaans
Food & Drink	🌯	burrito | mexican | wrap | mexicaans
Food & Drink	🫔	tamale | food | mexican | pamonha | wrapped | eten | mexicaans | verpakt
Food & Drink	🥙	stuffed flatbread | falafel | flatbread | food | gyro | kebab | stuffed | gevuld pitabroodje | eten | gevuld | gyros | pitabrood
Food & Drink	🧆	falafel | chickpea | meatball | gehaktbal | kikkererwt
Food & Drink	🥚	egg | breakfast | food | ei | ontbijt | voedsel
Food & Drink	🍳	cooking | breakfast | easy | egg | fry | frying | over | pan | restaurant | side | sunny | up | koken | bakken | ei | gemakkelijk | ontbijt | spiegelei
Food & Drink	🥘	shallow pan of food | casserole | food | paella | pan | shallow | paellapan | braadpan | eten | ondiep
Food & Drink	🍲	pot of food | food | pot | soup | stew | stoofschotel | pan | soep | voedsel
Food & Drink	🫕	fondue | cheese | chocolate | food | melted | pot | ski | chocolade | eten | gesmolten | kaas
Food & Drink	🥣	bowl with spoon | bowl | breakfast | cereal | congee | oatmeal | porridge | spoon | kom met lepel | cornflakes | eten | muesli | ontbijt | ontbijtgranen | pap | soep | voedsel
Food & Drink	🥗	green salad | food | green | salad | groene salade | eten | groen | salade
Food & Drink	🍿	popcorn | corn | movie | pop | film | maïs
Food & Drink	🧈	butter | dairy | boter | zuivel
Food & Drink	🧂	salt | condiment | flavor | mad | salty | shaker | taste | upset | zout | gezouten | overstuur | smaak | specerij | zoutvaatje
Food & Drink	🥫	canned food | can | canned | food | blikvoedsel | blik | ingeblikt | voedsel
Food & Drink	🍱	bento box | bento | box | food | bentobox | voedsel
Food & Drink	🍘	rice cracker | cracker | food | rice | rijstwafel | eten | rijst
Food & Drink	🍙	rice ball | ball | food | japanese | rice | rijstballetje | balletje | eten | japans | rijst
Food & Drink	🍚	cooked rice | cooked | food | rice | gekookte rijst | gekookt | rijst | voedsel
Food & Drink	🍛	curry rice | curry | food | rice | curry en rijst | rijst | voedsel
Food & Drink	🍜	steaming bowl | bowl | chopsticks | food | noodle | pho | ramen | soup | steaming | dampende kom | dampend | eten | kom | noedels | soep
Food & Drink	🍝	spaghetti | food | meatballs | pasta | restaurant | eten | gehaktballen
Food & Drink	🍠	roasted sweet potato | food | potato | roasted | sweet | gepofte zoete aardappel | aardappel | eten | gepoft | zoet
Food & Drink	🍢	oden | food | kebab | restaurant | seafood | skewer | stick | eten | spies | stokje | zeevruchten
Food & Drink	🍣	sushi | food | eten
Food & Drink	🍤	fried shrimp | fried | prawn | shrimp | tempura | gefrituurde garnaal | garnaal | garnalen | gefrituurd
Food & Drink	🍥	fish cake with swirl | cake | fish | food | pastry | restaurant | swirl | viskoekje met krul | koekje | krul | vis | viskoekje
Food & Drink	🥮	moon cake | autumn | cake | festival | moon | yuèbǐng | maancake | herfst | maan
Food & Drink	🍡	dango | dessert | japanese | skewer | stick | sweet | japans | spies | stokje | zoet
Food & Drink	🥟	dumpling | empanada | gyōza | jiaozi | pierogi | potsticker | knoedel
Food & Drink	🥠	fortune cookie | cookie | fortune | prophecy | gelukskoekje | geluk | koekje | profetie
Food & Drink	🥡	takeout box | box | chopsticks | delivery | food | oyster | pail | takeout | afhaalmaaltijd | bezorgen | doggybag | eten | oesteremmer | stokjes | voedsel
Food & Drink	🦀	crab | cancer | zodiac | krab | dierenriem | kreeft
Food & Drink	🦞	lobster | animal | bisque | claws | seafood | kreeft | dier | scharen | zeevruchten
Food & Drink	🦐	shrimp | food | shellfish | small | garnaal | klein | schaaldier | voedsel
Food & Drink	🦑	squid | animal | food | mollusk | inktvis | dier | voedsel | weekdier
Food & Drink	🦪	oyster | diving | pearl | oester | duiken | parel
Food & Drink	🍦	soft ice cream | cream | dessert | food | ice | icecream | restaurant | serve | soft | sweet | softijs | eten | ijs | room | zoet
Food & Drink	🍧	shaved ice | dessert | ice | restaurant | shaved | sweet | geschaafd ijs | geschaafd | ijs | zoet
Food & Drink	🍨	ice cream | cream | dessert | food | ice | restaurant | sweet | ijs | eten | room | zoet
Food & Drink	🍩	doughnut | breakfast | dessert | donut | food | sweet | eten | voedsel | zoet
Food & Drink	🍪	cookie | chip | chocolate | dessert | sweet | koekje | chocolade | zoet
Food & Drink	🎂	birthday cake | bday | birthday | cake | celebration | dessert | happy | pastry | sweet | verjaardagstaart | gebak | gelukkig | taart | verjaardag | viering | zoet
Food & Drink	🍰	shortcake | cake | dessert | pastry | slice | sweet | gebak | plak | zandgebak | zoet
Food & Drink	🧁	cupcake | bakery | dessert | sprinkles | sugar | sweet | treat | bakkerij | hagelslag | suiker | traktatie | zoet
Food & Drink	🥧	pie | apple | filling | fruit | meat | pastry | pumpkin | slice | taart | gebak | gebakje | hartige taart | pastei | vlees | vulling
Food & Drink	🍫	chocolate bar | bar | candy | chocolate | dessert | halloween | sweet | tooth | chocoladereep | chocolade | reep | snoep | zoetekauw
Food & Drink	🍬	candy | cavities | dessert | halloween | restaurant | sweet | tooth | wrapper | snoep | eten | gaatjes | voedsel | wikkel | zoet
Food & Drink	🍭	lollipop | candy | dessert | food | restaurant | sweet | lolly | eten | snoep | voedsel | zoet
Food & Drink	🍮	custard | dessert | pudding | sweet | vla | zoet
Food & Drink	🍯	honey pot | barrel | bear | food | honey | honeypot | jar | pot | sweet | honingpot | beer | eten | honing | vat | zoet
Food & Drink	🍼	baby bottle | babies | baby | birth | born | bottle | drink | infant | milk | newborn | babyflesje | babyfles | drinken | fles | flesje | flesvoeding | geboorte | melk
Food & Drink	🥛	glass of milk | drink | glass | milk | glas melk | drinken | glas | melk
Food & Drink	☕	hot beverage | beverage | cafe | caffeine | chai | coffee | drink | hot | morning | steaming | tea | warme drank | café | cafeïne | drank | drinken | koffie | ochtend | stomen | thee | warm
Food & Drink	🫖	teapot | brew | drink | food | pot | tea | theepot | drinken | eten | thee | zettten
Food & Drink	🍵	teacup without handle | beverage | cup | drink | handle | oolong | tea | teacup | theekopje zonder oor | drankje | drinken | kop | thee | theekopje
Food & Drink	🍶	sake | bar | beverage | bottle | cup | drink | restaurant | café | drankje | drinken | fles | kopje
Food & Drink	🍾	bottle with popping cork | bar | bottle | cork | drink | popping | fles met knallende kurk | drinken | fles | knallen | kurk
Food & Drink	🍷	wine glass | alcohol | bar | beverage | booze | club | drink | drinking | drinks | glass | restaurant | wine | wijnglas | café | drankje | drinken | glas | wijn
Food & Drink	🍸	cocktail glass | alcohol | bar | booze | club | cocktail | drink | drinking | drinks | glass | mad | martini | men | cocktailglas | café | drinken | glas | mad men
Food & Drink	🍹	tropical drink | alcohol | bar | booze | club | cocktail | drink | drinking | drinks | drunk | mai | party | tai | tropical | tropics | tropisch drankje | drankjes | drinken | dronken | mai tai | mix | tropisch
Food & Drink	🍺	beer mug | alcohol | ale | bar | beer | booze | drink | drinking | drinks | mug | octoberfest | oktoberfest | pint | stein | summer | bierglas | bier | café | drinken | duitsland | glas | pils
Food & Drink	🍻	clinking beer mugs | alcohol | bar | beer | booze | bottoms | cheers | clink | clinking | drinking | drinks | mugs | klinkende bierglazen | bier | café | drinken | glas | proosten | proostende bierglazen
Food & Drink	🥂	clinking glasses | celebrate | clink | clinking | drink | glass | glasses | klinkende glazen | drinken | glas | glazen | klinken | toosten | vieren
Food & Drink	🥃	tumbler glass | glass | liquor | scotch | shot | tumbler | whiskey | whisky | tumblerglas | glas | likeur
Food & Drink	🫗	pouring liquid | accident | drink | empty | glass | liquid | oops | pour | pouring | spill | water | vloeistof uitgieten | drinken | gieten | glas | leeg | morsen | oeps | ongelukje
Food & Drink	🥤	cup with straw | cup | drink | juice | malt | soda | soft | straw | water | beker met rietje | drinken | frisdrank | sap
Food & Drink	🧋	bubble tea | boba | bubble | food | milk | pearl | tea | bubbelthee | bubbel | melk | parel | thee | voedsel
Food & Drink	🧃	beverage box | beverage | box | juice | straw | sweet | pakje drinken | drankje | pakje | rietje | sap | zoet
Food & Drink	🧉	mate | drink | maté | drank
Food & Drink	🧊	ice | cold | cube | iceberg | ijsklontje | ijs | ijsberg | klontje | koud
Food & Drink	🥢	chopsticks | hashi | jeotgarak | kuaizi | eetstokjes | eten | stokjes
Food & Drink	🍽️	fork and knife with plate | cooking | dinner | eat | fork | knife | plate | mes en vork met bord | bord | diner | eten | koken | mes | vork
Food & Drink	🍴	fork and knife | breakfast | breaky | cooking | cutlery | delicious | dinner | eat | feed | food | fork | hungry | knife | lunch | restaurant | yum | yummy | mes en vork | bestek | eten | honger | koken | lekker | mes | ontbijt | uit eten | vork | vork en mes
Food & Drink	🥄	spoon | eat | tableware | lepel | bestek | tafelgerei
Food & Drink	🔪	kitchen knife | chef | cooking | hocho | kitchen | knife | tool | weapon | keukenmes | koken | koksmes | mes | wapen
Food & Drink	🫙	jar | condiment | container | empty | nothing | sauce | store | pot | leeg | niets | saus | specerij | winkel
Food & Drink	🏺	amphora | aquarius | cooking | drink | jug | tool | weapon | zodiac | amfora | amfoor | drinken | horoscoop | koken | kruik | sterrenbeeld | waterman
Travel & Places	🌍	globe showing europe-africa | africa | earth | europe | europe-africa | globe | showing | world | wereldbol met europa-afrika | aarde | afrika | europa | wereld | wereldbol
Travel & Places	🌎	globe showing americas | americas | earth | globe | showing | world | wereldbol met noord- en zuid-amerika | aarde | amerika | noord- en zuid-amerika | wereld | wereldbol
Travel & Places	🌏	globe showing asia-australia | asia | asia-australia | australia | earth | globe | showing | world | wereldbol met azië-australië | aarde | australië | azië | wereld | wereldbol
Travel & Places	🌐	globe with meridians | earth | globe | internet | meridians | web | world | worldwide | wereldbol met meridianen | aarde | meridianen | wereld | wereldbol | www
Travel & Places	🗺️	world map | map | world | wereldkaart | kaart | wereld
Travel & Places	🗾	map of japan | japan | map | kaart van japan | kaart
Travel & Places	🧭	compass | direction | magnetic | navigation | orienteering | kompas | magnetisch | navigatie | oriëntatielopen | oriënteringslopen | richting
Travel & Places	🏔️	snow-capped mountain | cold | mountain | snow | snow-capped | berg met besneeuwde toppen | berg | koud | sneeuw
Travel & Places	⛰️	mountain | berg
Travel & Places	🌋	volcano | eruption | mountain | nature | vulkaan | berg | lava | magma | natuur | vulkaanuitbarsting
Travel & Places	🗻	mount fuji | fuji | mount | mountain | nature | berg fuji | berg | natuur | vulkaan
Travel & Places	🏕️	camping | kamperen | tent
Travel & Places	🏖️	beach with umbrella | beach | umbrella | strand met parasol | parasol | strand
Travel & Places	🏜️	desert | woestijn
Travel & Places	🏝️	desert island | desert | island | onbewoond eiland | eiland | onbewoond
Travel & Places	🏞️	national park | national | park | nationaal park | natuurgebied
Travel & Places	🏟️	stadium | stadion | amfitheater
Travel & Places	🏛️	classical building | building | classical | klassiek gebouw | gebouw | historisch gebouw | klassiek | klassieke oudheid | renaissance | rome | zuilen
Travel & Places	🏗️	building construction | building | construction | crane | woningbouw | bouw | bouwen | haven | hijskraan
Travel & Places	🧱	brick | bricks | clay | mortar | wall | baksteen | bakstenen | cement | gemetseld | klei | metselen | mortel | muur | steen
Travel & Places	🪨	rock | boulder | heavy | solid | stone | tough | rots | betrouwbaar | graniet | rotsblok | steen | sterk | zwaar
Travel & Places	🪵	wood | log | lumber | timber | hout | balk | bijl | boomstam | hakken | open haard | stam | timmerhout | vuur | zagen
Travel & Places	🛖	hut | home | house | roundhouse | shelter | yurt | huis | joert | onderdak | ronde hut | strand | woning
Travel & Places	🏘️	houses | house | huizen | buurt | huis
Travel & Places	🏚️	derelict house | derelict | home | house | vervallen huis | bouwval | gebouw | huis | vervallen
Travel & Places	🏠	house | building | country | heart | home | ranch | settle | simple | suburban | suburbia | where | huis | gebouw | settelen | thuis | villa | voorstad | vrijstaande woning
Travel & Places	🏡	house with garden | building | country | garden | heart | home | house | ranch | settle | simple | suburban | suburbia | where | huis met tuin | gebouw | huis | huisje boompje beestje | settelen | thuis | tuin | voorstad | vrijstaande woning
Travel & Places	🏢	office building | building | city | cubical | job | office | kantoorgebouw | gebouw | kantoorbaan | werk
Travel & Places	🏣	japanese post office | building | japanese | office | post | japans postkantoor | gebouw | japans
Travel & Places	🏤	post office | building | european | office | post | postkantoor | europees | gebouw
Travel & Places	🏥	hospital | building | doctor | medicine | ziekenhuis | dokter | gebouw | medicijnen
Travel & Places	🏦	bank | building | gebouw
Travel & Places	🏨	hotel | building | gebouw
Travel & Places	🏩	love hotel | building | hotel | love | love-hotel | gebouw | liefde | liefdeshotel | lovehotel
Travel & Places	🏪	convenience store | 24 | building | convenience | hours | store | supermarkt | boodschappen | gebouw | winkel
Travel & Places	🏫	school | building | gebouw
Travel & Places	🏬	department store | building | department | store | warenhuis | gebouw | winkel | winkelen
Travel & Places	🏭	factory | building | fabriek | gebouw
Travel & Places	🏯	japanese castle | building | castle | japanese | japans kasteel | gebouw | japans | kasteel
Travel & Places	🏰	castle | building | european | kasteel | europees | gebouw | middeleeuwen
Travel & Places	💒	wedding | chapel | hitched | nuptials | romance | bruiloft | huwelijk | kapel | romantiek | trouwkapel
Travel & Places	🗼	tokyo tower | tokyo | tower | tokio-toren | tokio | tokiotoren | toren
Travel & Places	🗽	statue of liberty | liberty | new | ny | nyc | statue | york | vrijheidsbeeld | beeld | new york | vrijheid
Travel & Places	⛪	church | bless | chapel | christian | cross | religion | kerk | christelijk | geloof | kapel | kruis | religie
Travel & Places	🕌	mosque | islam | masjid | muslim | religion | moskee | geloof | moslim | religie
Travel & Places	🛕	hindu temple | hindu | temple | hindoetempel | gebouw | geloof | goden | hindoe | india | religie | tempel
Travel & Places	🕍	synagogue | jew | jewish | judaism | religion | temple | synagoge | geloof | jodendom | jood | joods | religie | tempel
Travel & Places	⛩️	shinto shrine | religion | shinto | shrine | shinto-tempel | geloof | japans | poort | religie | tempel | torii
Travel & Places	🕋	kaaba | hajj | islam | muslim | religion | umrah | kaäba | bedevaart | geloof | mekka | moslim | religie
Travel & Places	⛲	fountain | fontein
Travel & Places	⛺	tent | camping | kamperen
Travel & Places	🌁	foggy | fog | mistig | mist
Travel & Places	🌃	night with stars | night | star | stars | sterrenhemel | metropool | miljoenenstad | nacht | stad bij nacht | sterren
Travel & Places	🏙️	cityscape | city | stadsgezicht | flatgebouwen | gebouw | metropool | miljoenenstad | stad
Travel & Places	🌄	sunrise over mountains | morning | mountains | over | sun | sunrise | zonsopgang in de bergen | berg | bergen | ochtend | zon | zonsopgang
Travel & Places	🌅	sunrise | morning | nature | sun | zonsopgang | ochtend | zon
Travel & Places	🌆	cityscape at dusk | at | building | city | cityscape | dusk | evening | landscape | sun | sunset | stad bij schemering | avond | gebouw | landschap | metropool | miljoenenstad | schemer | stad | zonsondergang
Travel & Places	🌇	sunset | building | dusk | sun | zonsondergang | flatgebouwen | gebouw | metropool | miljoenenstad | schemer | zon
Travel & Places	🌉	bridge at night | at | bridge | night | brug bij nacht | avond | brug | nacht | nachtelijke brug
Travel & Places	♨️	hot springs | hot | hotsprings | springs | steaming | warmwaterbronnen | bronnen | stomend | warm
Travel & Places	🎠	carousel horse | carousel | entertainment | horse | draaimolenpaard | carrousel | draaimolen | kermis | paard | pretpark
Travel & Places	🛝	playground slide | amusement | park | play | playground | playing | slide | sliding | theme | glijbaan | glijden | kind | kinderen | speeltuin | spelen
Travel & Places	🎡	ferris wheel | amusement | ferris | park | theme | wheel | reuzenrad | kermis | pretpark | rad
Travel & Places	🎢	roller coaster | amusement | coaster | park | roller | theme | achtbaan | baan | pretpark
Travel & Places	💈	barber pole | barber | cut | fresh | haircut | pole | shave | kapperspaal | kapper | kapsel | paal
Travel & Places	🎪	circus tent | circus | tent | circustent
Travel & Places	🚂	locomotive | caboose | engine | railway | steam | train | trains | travel | locomotief | reizen | spoor | spoorweg | stoom | stoomtrein | trein | vervoermiddel | voertuig
Travel & Places	🚃	railway car | car | electric | railway | train | tram | travel | trolleybus | treinwagon | elektrisch | spoor | trein | vervoermiddel | voertuig | wagon
Travel & Places	🚄	high-speed train | high-speed | railway | shinkansen | speed | train | hogesnelheidstrein | hsl | snelheid | spoor | trein | ultrasnel | vervoermiddel | voertuig
Travel & Places	🚅	bullet train | bullet | high-speed | nose | railway | shinkansen | speed | train | travel | hogesnelheidstrein met kogelneus | hoge snelheid | kogeltrein | neus | reizen | snelheid | spoorweg | trein
Travel & Places	🚆	train | arrived | choo | railway | trein | aankomst | spoor | vertrek | vervoermiddel | voertuig
Travel & Places	🚇	metro | subway | travel | ondergrondse | vervoermiddel | voertuig
Travel & Places	🚈	light rail | arrived | light | monorail | rail | railway | lightrail | spoor | vervoermiddel | voertuig
Travel & Places	🚉	station | railway | train | treinstation | spoor | trein | vervoermiddel | voertuig
Travel & Places	🚊	tram | trolleybus | vervoermiddel | voertuig
Travel & Places	🚝	monorail | vehicle | vervoermiddel | voertuig
Travel & Places	🚞	mountain railway | car | mountain | railway | trip | bergspoor | berg | spoor | vervoermiddel | voertuig | wagon
Travel & Places	🚋	tram car | bus | car | tram | trolley | trolleybus | tramwagon | vervoermiddel | voertuig | wagon
Travel & Places	🚌	bus | school | vehicle | schoolbus | vervoermiddel | voertuig
Travel & Places	🚍	oncoming bus | bus | cars | oncoming | naderende bus | naderend | tegemoetkomende bus | vervoermiddel | voertuig
Travel & Places	🚎	trolleybus | bus | tram | trolley | vervoermiddel | voertuig
Travel & Places	🚐	minibus | bus | drive | van | vehicle | vervoermiddel | voertuig
Travel & Places	🚑	ambulance | emergency | vehicle | hulpdienst | spoed | vervoermiddel | voertuig
Travel & Places	🚒	fire engine | engine | fire | truck | brandweerauto | auto | brand | hulpdienst | spoed | vervoermiddel | voertuig
Travel & Places	🚓	police car | 5–0 | car | cops | patrol | police | politieauto | auto | hulpdienst | politie | politiewagen | vervoermiddel | voertuig
Travel & Places	🚔	oncoming police car | car | oncoming | police | naderende politieauto | auto | hulpdienst | naderend | politie | tegemoetkomende politiewagen | vervoermiddel | voertuig
Travel & Places	🚕	taxi | cab | cabbie | car | drive | vehicle | yellow | taxichauffeur | uber | vervoermiddel | voertuig
Travel & Places	🚖	oncoming taxi | cab | cabbie | cars | drove | hail | oncoming | taxi | yellow | naderende taxi | auto’s | geel | naderend | rijden | roepen
Travel & Places	🚗	automobile | car | driving | vehicle | auto | automobiel | rijden | vervoermiddel | voertuig
Travel & Places	🚘	oncoming automobile | automobile | car | cars | drove | oncoming | vehicle | naderende auto | auto | automobiel | naderend | tegemoetkomende auto | vervoermiddel | voertuig
Travel & Places	🚙	sport utility vehicle | car | drive | recreational | sport | sportutility | utility | vehicle | suv | auto | kampeerauto | recreatie | rijden | vervoermiddel | voertuig
Travel & Places	🛻	pickup truck | automobile | car | flatbed | pick-up | pickup | transportation | truck | auto | bestelbak | laadbak | laadbakwagen | transport | vervoer | vracht | wagen
Travel & Places	🚚	delivery truck | car | delivery | drive | truck | vehicle | bestelbus | bestelwagen | bezorging | bus | levering | pakketdienst | vervoermiddel | voertuig
Travel & Places	🚛	articulated lorry | articulated | car | drive | lorry | move | semi | truck | vehicle | vrachtwagen | vervoermiddel | voertuig | vrachtauto | vrachtwagen met oplegger
Travel & Places	🚜	tractor | vehicle | trekker | vervoermiddel | voertuig
Travel & Places	🏎️	racing car | car | racing | zoom | raceauto | auto | formule 1 | racen | racewagen | vervoermiddel | voertuig | vroem
Travel & Places	🏍️	motorcycle | racing | motor | racen | vervoermiddel | voertuig
Travel & Places	🛵	motor scooter | motor | scooter | brommer | vervoermiddel | voertuig
Travel & Places	🦽	manual wheelchair | accessibility | manual | wheelchair | rolstoel | duwen | toegankelijkheid | zitten
Travel & Places	🦼	motorized wheelchair | accessibility | motorized | wheelchair | elektrische rolstoel | rijden | toegankelijkheid | wiel
Travel & Places	🛺	auto rickshaw | auto | rickshaw | tuk | riksja | azië | thailand | tuktuk | vervoer | wagen
Travel & Places	🚲	bicycle | bike | class | cycle | cycling | cyclist | gang | ride | spin | spinning | fiets | fietsen | rijwiel | vervoermiddel | voertuig
Travel & Places	🛴	kick scooter | kick | scooter | step | autoped | steppen | vervoermiddel | voertuig
Travel & Places	🛹	skateboard | board | skate | skater | wheels | deck | skaten | wielen
Travel & Places	🛼	roller skate | blades | roller | skate | skates | sport | rolschaats | hobby | rollerskate | rollerskates | rolschaatsen | schaats | skaten | sporten
Travel & Places	🚏	bus stop | bus | busstop | stop | bushalte | halte
Travel & Places	🛣️	motorway | highway | road | snelweg | autosnelweg | weg
Travel & Places	🛤️	railway track | railway | track | train | treinspoor | spoor | trein
Travel & Places	🛢️	oil drum | drum | oil | olievat | olie | vat
Travel & Places	⛽	fuel pump | diesel | fuel | fuelpump | gas | gasoline | pump | station | benzinestation | benzine | benzinepomp | brandstof | pomp
Travel & Places	🛞	wheel | car | circle | tire | turn | vehicle | wiel | auto | band | cirkel | draaien | velg | velgen | vervoer | voertuig
Travel & Places	🚨	police car light | alarm | alert | beacon | car | emergency | light | police | revolving | siren | zwaailicht van politieauto | auto | baken | draaiend | licht | noodgeval | politie | sirene | waarschuwing
Travel & Places	🚥	horizontal traffic light | horizontal | intersection | light | signal | stop | stoplight | traffic | horizontaal verkeerslicht | licht | stoplicht | verkeer | verkeerslichten
Travel & Places	🚦	vertical traffic light | drove | intersection | light | signal | stop | stoplight | traffic | vertical | verticaal verkeerslicht | kruising | licht | stoplicht | verkeer | verkeerslicht | verkeerslichten
Travel & Places	🛑	stop sign | octagonal | sign | stop | stopteken | achthoekig | bord | verkeersteken
Travel & Places	🚧	construction | barrier | bouwwerkzaamheden | barricade | werkzaamheden
Travel & Places	⚓	anchor | ship | tool | anker | hulpmiddel | schip
Travel & Places	🛟	ring buoy | buoy | float | life | lifesaver | preserver | rescue | ring | safety | save | saver | swim | reddingsboei | boei | drijven | redden | reddingsgordel | reddingsvest | veiligheid | verdrinken | zwemmen
Travel & Places	⛵	sailboat | boat | resort | sailing | sea | yacht | zeilboot | boot | jacht | jachthaven | vaartuig | vervoermiddel | zee
Travel & Places	🛶	canoe | boat | kano | boot | kajak | vaartuig | vervoermiddel
Travel & Places	🚤	speedboat | billionaire | boat | lake | luxury | millionaire | summer | travel | speedboot | boot | jacht | luxe | miljonair | reizen | vaartuig | zomer
Travel & Places	🛳️	passenger ship | passenger | ship | passagiersschip | passagier | schip | veerboot | vervoermiddel | voertuig
Travel & Places	⛴️	ferry | boat | passenger | veerboot | boot | passagier | veerpont
Travel & Places	🛥️	motor boat | boat | motor | motorboat | motorboot | boot | vaartuig | vervoermiddel
Travel & Places	🚢	ship | boat | passenger | travel | schip | boot | passagier | passagiersschip | titanic | vaartuig
Travel & Places	✈️	airplane | aeroplane | fly | flying | jet | plane | travel | vliegtuig | luchtvaartuig | reizen | vervoermiddel | vliegen | vliegmachine
Travel & Places	🛩️	small airplane | aeroplane | airplane | plane | small | vliegtuigje | jet | klein vliegtuig | luchtvaartuig | vervoermiddel | vliegmachine | vliegtuig
Travel & Places	🛫	airplane departure | aeroplane | airplane | check-in | departure | departures | plane | vertrek van vliegtuig | inchecken | opstijgen | vertrek | vertrekken | vervoermiddel | vliegmachine | vliegtuig | voertuig
Travel & Places	🛬	airplane arrival | aeroplane | airplane | arrival | arrivals | arriving | landing | plane | aankomst van vliegtuig | aankomen | aankomst | landen | vervoermiddel | vliegmachine | vliegtuig | voertuig
Travel & Places	🪂	parachute | hang-glide | parasail | skydive | activiteit | deltavliegen | hanggliden | parachutespringen | parasailen | skydiven
Travel & Places	💺	seat | chair | stoel | treinstoel | vliegtuigstoel
Travel & Places	🚁	helicopter | copter | roflcopter | travel | vehicle | helikopter | roflkopter | vervoermiddel | voertuig
Travel & Places	🚟	suspension railway | railway | suspension | zweeftrein | hangend spoor | spoor | vervoermiddel | voertuig | zwevend
Travel & Places	🚠	mountain cableway | cable | cableway | gondola | lift | mountain | ski | bergkabelbaan | berg | gondel | kabel | skilift | vervoermiddel | voertuig
Travel & Places	🚡	aerial tramway | aerial | cable | car | gondola | ropeway | tramway | kabelbaan | baan | gondel | kabel | transportbaan | vervoermiddel | voertuig
Travel & Places	🛰️	satellite | space | satelliet | ruimte | ruimtevaart
Travel & Places	🚀	rocket | launch | rockets | space | travel | raket | lancering | ruimte | ruimtereis | vervoermiddel | voertuig
Travel & Places	🛸	flying saucer | aliens | extra | flying | saucer | terrestrial | ufo | vliegende schotel | buitenaards | buitenaardse wezens | science fiction | vervoermiddel | voertuig
Travel & Places	🛎️	bellhop bell | bell | bellhop | hotel | piccolobel | balie | baliebel | bel
Travel & Places	🧳	luggage | bag | packing | roller | suitcase | travel | bagage | inpakken | koffer | reis | reizen | rolkoffer | trolley
Travel & Places	⌛	hourglass done | done | hourglass | sand | time | timer | zandloper | tijd | zand
Travel & Places	⏳	hourglass not done | done | flowing | hourglass | hours | not | sand | timer | waiting | yolo | zandloper met stromend zand | tijd | zand | zandloper
Travel & Places	⌚	watch | clock | time | horloge | klok | polshorloge | tijd
Travel & Places	⏰	alarm clock | alarm | clock | hours | hrs | late | time | waiting | wekker | klok | tijd
Travel & Places	⏱️	stopwatch | clock | time | klok | timer
Travel & Places	⏲️	timer clock | clock | timer | keukenwekker | klok | kookwekker
Travel & Places	🕰️	mantelpiece clock | clock | mantelpiece | time | klok | pendule | staande klok | tijd
Travel & Places	🕛	twelve o’clock | 12 | 12:00 | clock | o’clock | time | twelve | twaalf uur | 00 | klok | tijd | twaalf | uur
Travel & Places	🕧	twelve-thirty | 12 | 12:30 | 30 | clock | thirty | time | twelve | half één | 00:30 | dertig | klok | tijd | twaalf | uur
Travel & Places	🕐	one o’clock | 1 | 1:00 | clock | o’clock | one | time | één uur | 00 | 01:00 | 13:00 | één | klok | tijd | uur
Travel & Places	🕜	one-thirty | 1 | 1:30 | 30 | clock | one | thirty | time | half twee | 13:30 | dertig | een | één | klok | tijd
Travel & Places	🕑	two o’clock | 2 | 2:00 | clock | o’clock | time | two | twee uur | 00 | 02:00 | 14:00 | klok | tijd | twee | uur
Travel & Places	🕝	two-thirty | 2 | 2:30 | 30 | clock | thirty | time | two | half drie | 14:30 | dertig | klok | tijd | twee
Travel & Places	🕒	three o’clock | 3 | 3:00 | clock | o’clock | three | time | drie uur | 00 | 03:00 | 15:00 | drie | klok | tijd | uur
Travel & Places	🕞	three-thirty | 3 | 3:30 | 30 | clock | thirty | three | time | half vier | 15:30 | dertig | drie | klok | tijd
Travel & Places	🕓	four o’clock | 4 | 4:00 | clock | four | o’clock | time | vier uur | 00 | 04:00 | 16:00 | klok | tijd | uur | vier
Travel & Places	🕟	four-thirty | 30 | 4 | 4:30 | clock | four | thirty | time | half vijf | 16:30 | dertig | klok | tijd | vier
Travel & Places	🕔	five o’clock | 5 | 5:00 | clock | five | o’clock | time | vijf uur | 00 | 05:00 | 17:00 | klok | uur | vijf
Travel & Places	🕠	five-thirty | 30 | 5 | 5:30 | clock | five | thirty | time | half zes | 05:30 | 17:30 | dertig | klok | tijd | vijf
Travel & Places	🕕	six o’clock | 6 | 6:00 | clock | o’clock | six | time | zes uur | 00 | 06:00 | 18:00 | klok | tijd | uur | zes
Travel & Places	🕡	six-thirty | 30 | 6 | 6:30 | clock | six | thirty | half zeven | 06:30 | 18:30 | dertig | klok | tijd | zes
Travel & Places	🕖	seven o’clock | 0 | 7 | 7:00 | clock | o’clock | seven | zeven uur | 00 | 07:00 | 19:00 | klok | tijd | uur | zeven
Travel & Places	🕢	seven-thirty | 30 | 7 | 7:30 | clock | seven | thirty | half acht | 07:30 | 19:30 | dertig | klok | tijd | zeven
Travel & Places	🕗	eight o’clock | 8 | 8:00 | clock | eight | o’clock | time | acht uur | 00 | 08:00 | 20:00 | acht | klok | tijd | uur
Travel & Places	🕣	eight-thirty | 30 | 8 | 8:30 | clock | eight | thirty | time | half negen | 08:30 | 20:30 | acht | dertig | klok | tijd
Travel & Places	🕘	nine o’clock | 9 | 9:00 | clock | nine | o’clock | time | negen uur | 00 | 09:00 | 21:00 | klok | negen | tijd | uur
Travel & Places	🕤	nine-thirty | 30 | 9 | 9:30 | clock | nine | thirty | time | half tien | 09:30 | 21:30 | dertig | klok | negen | tijd
Travel & Places	🕙	ten o’clock | 0 | 10 | 10:00 | clock | o’clock | ten | tien uur | 00 | 22:00 | klok | tien | tijd | uur
Travel & Places	🕥	ten-thirty | 10 | 10:30 | 30 | clock | ten | thirty | time | half elf | 22:30 | dertig | klok | tien | tijd
Travel & Places	🕚	eleven o’clock | 11 | 11:00 | clock | eleven | o’clock | time | elf uur | 00 | 23:00 | elf | klok | tijd | uur
Travel & Places	🕦	eleven-thirty | 11 | 11:30 | 30 | clock | eleven | thirty | time | half twaalf | 23:30 | dertig | elf | klok | tijd
Travel & Places	🌑	new moon | dark | moon | new | space | nieuwe maan | avond | donker | maan | maansverduistering | ruimte
Travel & Places	🌒	waxing crescent moon | crescent | dreams | moon | space | waxing | jonge maansikkel | avond | maan | ruimte | sikkel | wassend | wassende halvemaan
Travel & Places	🌓	first quarter moon | first | moon | quarter | space | maan in eerste kwartier | avond | kwartier | maan | ruimte
Travel & Places	🌔	waxing gibbous moon | gibbous | moon | space | waxing | wassende maan | avond | bolvormig | maan | ruimte | tussen halve maan en volle maan | wassend
Travel & Places	🌕	full moon | full | moon | space | volle maan | avond | maan | ruimte | vol
Travel & Places	🌖	waning gibbous moon | gibbous | moon | space | waning | afnemende maan | afnemend | avond | bolvormig | maan | ruimte | tussen halve maan en volle maan | wassend
Travel & Places	🌗	last quarter moon | last | moon | quarter | space | maan in laatste kwartier | avond | kwartier | maan | ruimte
Travel & Places	🌘	waning crescent moon | crescent | moon | space | waning | asgrauwe maan | afnemend | afnemende halvemaan | avond | maan | maansikkel | nacht | ruimte | sikkel
Travel & Places	🌙	crescent moon | crescent | moon | ramadan | space | maansikkel | avond | halvemaan | maan | ruimte | sikkel | slapen
Travel & Places	🌚	new moon face | face | moon | new | space | nieuwe maan met gezicht | avond | gezicht | maan | nieuwe maan-gezicht | ruimte
Travel & Places	🌛	first quarter moon face | face | first | moon | quarter | space | maan met gezicht in eerste kwartier | avond | eerste kwartier | gezicht | kwartier | maan | maan in eerste kwartier met gezicht | ruimte | slapen
Travel & Places	🌜	last quarter moon face | dreams | face | last | moon | quarter | maan met gezicht in laatste kwartier | avond | gezicht | kwartier | laatste kwartier | maan | maan in laatste kwartier met gezicht | ruimte | slapen
Travel & Places	🌡️	thermometer | weather | koorts | weer
Travel & Places	☀️	sun | bright | rays | space | sunny | weather | zon | felle zon | helder | stralen | weer | zonnig
Travel & Places	🌝	full moon face | bright | face | full | moon | volle maan met gezicht | avond | gezicht | helder | heldere maan | maan | ruimte | vol | volle maan
Travel & Places	🌞	sun with face | beach | bright | day | face | heat | shine | sun | sunny | sunshine | weather | zon met gezicht | gezicht | helder | warm | weer | zon | zonneschijn
Travel & Places	🪐	ringed planet | planet | ringed | saturn | saturnine | planeet met ringen | heelal | planeet | ringen | ruimte | saturnus | zonnestelsel | zwaarmoedig
Travel & Places	⭐	star | astronomy | medium | stars | white | witte middelgrote ster | ster
Travel & Places	🌟	glowing star | glittery | glow | glowing | night | shining | sparkle | star | win | stralende ster | fonkelen | fonkelend | schitteren | schitterend | schittering | ster | stralen
Travel & Places	🌠	shooting star | falling | night | shooting | space | star | vallende ster | hemel | ruimte | ster | vallen | vallend
Travel & Places	🌌	milky way | milky | space | way | melkweg | ruimte
Travel & Places	☁️	cloud | weather | wolk | weer
Travel & Places	⛅	sun behind cloud | behind | cloud | cloudy | sun | weather | zon achter wolk | weer | wolk | zon | zon achter wolken
Travel & Places	⛈️	cloud with lightning and rain | cloud | lightning | rain | thunder | thunderstorm | wolk met bliksem en regen | onweer | regen | weer | wolk
Travel & Places	🌤️	sun behind small cloud | behind | cloud | sun | weather | zon achter kleine wolk | weer | wolk | zon
Travel & Places	🌥️	sun behind large cloud | behind | cloud | sun | weather | zon achter grote wolk | weer | wolk | zon
Travel & Places	🌦️	sun behind rain cloud | behind | cloud | rain | sun | weather | zon achter regenwolk | regen | weer | wolk | zon | zon achter wolk met regen
Travel & Places	🌧️	cloud with rain | cloud | rain | weather | wolk met regen | regen | weer | wolk
Travel & Places	🌨️	cloud with snow | cloud | cold | snow | weather | wolk met sneeuw | koud | sneeuw | weer | winter | wolk
Travel & Places	🌩️	cloud with lightning | cloud | lightning | weather | wolk met bliksem | bliksem | weer | wolk
Travel & Places	🌪️	tornado | cloud | weather | whirlwind | storm | weer | wervelwind | wolk
Travel & Places	🌫️	fog | cloud | weather | mist | bewolkt | weer | wolk
Travel & Places	🌬️	wind face | blow | cloud | face | wind | gezicht dat wind blaast | blazen | gezicht | weer | wind met gezicht | wolk
Travel & Places	🌀	cyclone | dizzy | hurricane | twister | typhoon | weather | cycloon | duizelig | spiraal | tyfoon | weer
Travel & Places	🌈	rainbow | gay | genderqueer | glbt | glbtq | lesbian | lgbt | lgbtq | lgbtqia | nature | pride | queer | rain | trans | transgender | weather | regenboog | homoseksueel | lesbisch | lgtbqia | lhbt | natuur | regen | weer
Travel & Places	🌂	closed umbrella | closed | clothing | rain | umbrella | ingevouwen paraplu | dichte paraplu | kleding | paraplu | regen | weer
Travel & Places	☂️	umbrella | clothing | rain | paraplu | geopende paraplu | kleding | open paraplu | regen | weer
Travel & Places	☔	umbrella with rain drops | clothing | drop | drops | rain | umbrella | weather | paraplu met regendruppels | druppels | kleding | paraplu | regen | weer
Travel & Places	⛱️	umbrella on ground | ground | rain | sun | umbrella | strandparasol | parasol | parasol op de grond | regen | zon
Travel & Places	⚡	high voltage | danger | electric | electricity | high | lightning | nature | thunder | thunderbolt | voltage | zap | hoog voltage | bliksem | donderslag | elektriciteit | elektrisch | gevaar | schok | spanning
Travel & Places	❄️	snowflake | cold | snow | weather | sneeuwvlok | koud | sneeuw | weer
Travel & Places	☃️	snowman | cold | man | snow | sneeuwpop | koud | sneeuw | weer
Travel & Places	⛄	snowman without snow | cold | man | snow | snowman | sneeuwpop zonder sneeuwvlokken | koud | sneeuw | sneeuwpop
Travel & Places	☄️	comet | space | komeet | ruimte | vuurbal
Travel & Places	🔥	fire | af | burn | flame | hot | lit | litaf | tool | vuur | brand | heet | hulpmiddel | vlam
Travel & Places	💧	droplet | cold | comic | drop | nature | sad | sweat | tear | water | weather | druppel | bedroefd | koud | strip | weer | zweet
Travel & Places	🌊	water wave | nature | ocean | surf | surfer | surfing | water | wave | golf | golfsurfen | golven | japan | kanagawa | oceaan | surfen | weer | zee
Activities	🎃	jack-o-lantern | celebration | halloween | jack | lantern | pumpkin | halloweenlantaarn | feest | lampion | lantaarn | pompoen | pompoenlantaarn | sint maarten
Activities	🎄	christmas tree | celebration | christmas | tree | kerstboom | boom | feest | kerstmis | viering
Activities	🎆	fireworks | boom | celebration | entertainment | yolo | vuurwerk | feest | jaarwisseling | knal | oud en nieuw | oudejaarsavond | vermaak | viering
Activities	🎇	sparkler | boom | celebration | fireworks | sparkle | sterretje | afsteken | feest | jaarwisseling | knal | oud en nieuw | oudejaarsavond | viering | vuurwerk | vuurwerksterretje
Activities	🧨	firecracker | dynamite | explosive | fire | fireworks | light | pop | popping | spark | rotje | boem | dynamiet | explosief | licht | ontploffing | vonk | vuur | vuurwerk
Activities	✨	sparkles | * | magic | sparkle | star | sterretjes | glinsteren | glinsterende sterren | ster
Activities	🎈	balloon | birthday | celebrate | celebration | ballon | feest | jarig | verjaardag | vieren | viering
Activities	🎉	party popper | awesome | birthday | celebrate | celebration | excited | hooray | party | popper | tada | woohoo | feestknaller | confetti | feest | hoera | jarig | knaller | partypopper | verjaardag | viering
Activities	🎊	confetti ball | ball | celebrate | celebration | confetti | party | woohoo | confettibal | bal | feest | hoera | jarig | verjaardag | viering
Activities	🎋	tanabata tree | banner | celebration | japanese | tanabata | tree | tanabataboom | boom | boom met papierlinten | feest | japans | papierlinten
Activities	🎍	pine decoration | bamboo | celebration | decoration | japanese | pine | plant | dennenboomversiering | bamboe | den | dennentakdecoratie | feest | japans
Activities	🎎	japanese dolls | celebration | doll | dolls | festival | japanese | japanse poppen | feest | japans | pop | poppen | viering
Activities	🎏	carp streamer | carp | celebration | streamer | karperslinger | feest | karper | karpers | karperwimpel | slinger | wimpel
Activities	🎐	wind chime | bell | celebration | chime | wind | windorgel | bel | feest | windklokkenspel
Activities	🎑	moon viewing ceremony | celebration | ceremony | moon | viewing | maanobservatieceremonie | ceremonie | feest | maan | maanceremonie | viering
Activities	🧧	red envelope | envelope | gift | good | hóngbāo | lai | luck | money | red | see | rode envelop | cadeau | geld | geluk | geschenk | lai see | rode enveloppe | voorspoed
Activities	🎀	ribbon | celebration | strik | feest | roze lint | viering
Activities	🎁	wrapped gift | birthday | bow | box | celebration | christmas | gift | present | surprise | wrapped | ingepakt cadeau | cadeau | cadeautje | cadeauverpakking met strik | feest | ingepakt | verpakking
Activities	🎗️	reminder ribbon | celebration | reminder | ribbon | bewustzijnslintje | herinnering | herinneringslintje | lintje | viering
Activities	🎟️	admission tickets | admission | ticket | tickets | entreekaartjes | entree | kaartje | toegang | toegangskaartje
Activities	🎫	ticket | admission | stub | entree | entreekaartje | kaartje | toegang | toegangskaartje
Activities	🎖️	military medal | award | celebration | medal | military | militaire medaille | medaille | militair | onderscheiding | viering
Activities	🏆	trophy | champion | champs | prize | slay | sport | victory | win | winning | trofee | beker | gewonnen | kampioen | overwinning | prijs | winnaar
Activities	🏅	sports medal | award | gold | medal | sports | winner | sportmedaille | eerste | eerste plaats | gewonnen | medaille | medaille 1e plaats | medaille met ster | winnaar
Activities	🥇	1st place medal | 1st | first | gold | medal | place | medaille 1e plaats | eerste | gewonnen | goud | gouden | medaille | winnaar
Activities	🥈	2nd place medal | 2nd | medal | place | second | silver | medaille 2e plaats | medaille | tweede | tweede plaats | zilver
Activities	🥉	3rd place medal | 3rd | bronze | medal | place | third | medaille 3e plaats | brons | bronzen | derde | derde plaats | medaille
Activities	⚽	soccer ball | ball | football | futbol | soccer | sport | voetbal | bal | futsal | messi | ronaldo
Activities	⚾	baseball | ball | sport | honkbal | bal
Activities	🥎	softball | ball | glove | sports | underarm | softbal | bal | handschoen | onderarm | onderhands | sport | werpen
Activities	🏀	basketball | ball | hoop | sport | basketbal | bal | basket
Activities	🏐	volleyball | ball | game | volleybal | bal | wedstrijd
Activities	🏈	american football | american | ball | bowl | football | sport | super | amerikaans | bal | super bowl
Activities	🏉	rugby football | ball | football | rugby | sport | bal | voetbal
Activities	🎾	tennis | ball | racquet | sport | bal | tennisbal | tennisracket
Activities	🥏	flying disc | disc | flying | ultimate | frisbee | schijf | ultiem | vliegende schotel | werpschotel
Activities	🎳	bowling | ball | game | sport | strike | bowlen | bal | spel
Activities	🏏	cricket game | ball | bat | cricket | game | bal | cricketbat | cricketbat en bal | slaghout | sport | wedstrijd
Activities	🏑	field hockey | ball | field | game | hockey | stick | bal | hockeystick | hockeystick en bal | sport | veld | wedstrijd
Activities	🏒	ice hockey | game | hockey | ice | puck | stick | ijshockeystick en puck | ijs | ijshockey | sport | wedstrijd
Activities	🥍	lacrosse | ball | goal | sports | stick | bal | doel | sport
Activities	🏓	ping pong | ball | bat | game | paddle | ping | pingpong | pong | table | tennis | bal | batje | sport | tafeltennis | wedstrijd
Activities	🏸	badminton | birdie | game | racquet | shuttlecock | badmintonracket en shuttle | pluimbal | racket | shuttle | sport | wedstrijd
Activities	🥊	boxing glove | boxing | glove | bokshandschoen | boksen | handschoen | sport
Activities	🥋	martial arts uniform | arts | judo | karate | martial | taekwondo | uniform | pak voor vechtsporten | kunst | vecht
Activities	🥅	goal net | goal | net | doelnet | doel | sport
Activities	⛳	flag in hole | flag | golf | hole | sport | vlag in hole
Activities	⛸️	ice skate | ice | skate | skating | schaats | ijs | kunstschaatsen | schaatsen | sport | witte schaats
Activities	🎣	fishing pole | entertainment | fish | fishing | pole | sport | vishengel | hengel | vis
Activities	🤿	diving mask | diving | mask | scuba | snorkeling | duikbril | duiken | duikmasker | onder water | scubaduiken | snorkelen | vis | zee
Activities	🎽	running shirt | athletics | running | sash | shirt | hardloopshirt | atletiek | hardlopen | sjerp | sport
Activities	🎿	skis | ski | snow | sport | ski’s | laars en skis | skiën | skischoen | sneeuw | wintersport
Activities	🛷	sled | luge | sledge | sleigh | snow | toboggan | slee | rodelen | roetsjen | slede | sleeën | sleetje | sneeuw
Activities	🥌	curling stone | curling | game | rock | stone | curlingsteen | kei | spel | sport | steen
Activities	🎯	bullseye | bull | dart | direct | entertainment | game | hit | target | directe treffer | bull’s eye | darts | doelwit | in de roos | spel | sport | treffer | voltreffer
Activities	🪀	yo-yo | fluctuate | toy | jojo | fluctueren | kinderen | op en neer | speelgoed | spelen
Activities	🪁	kite | fly | soar | vlieger | buiten | opstijgen | spelen | vliegen | zweven
Activities	🔫	water pistol | gun | handgun | pistol | revolver | tool | water | weapon | waterpistool | gereedschap | pistool | vuurwapen | wapen
Activities	🎱	pool 8 ball | 8 | 8ball | ball | billiard | eight | game | pool | biljart | 8 ball | 8-ball | acht | bal | spel
Activities	🔮	crystal ball | ball | crystal | fairy | fairytale | fantasy | fortune | future | magic | tale | tool | kristallen bol | bol | glazen bol | kristal | magie | sprookje | toekomst voorspellen | waarzeggen | waarzeggerij
Activities	🪄	magic wand | magic | magician | wand | witch | wizard | toverstok | goochelaar | goochelen | heks | magie | magiër | tovenaar | toveren | tovertruc
Activities	🎮	video game | controller | entertainment | game | video | videogame | gamecontroller | playstation | spel | videospel | xbox
Activities	🕹️	joystick | game | video | videogame | videospel
Activities	🎰	slot machine | casino | gamble | gambling | game | machine | slot | slots | fruitautomaat | eenarmige bandiet | gokkast | gokken | spel
Activities	🎲	game die | dice | die | entertainment | game | dobbelsteen | dobbelen | dobbelstenen | spel | yahtzee
Activities	🧩	puzzle piece | clue | interlocking | jigsaw | piece | puzzle | puzzelstukje | aanwijzing | gekoppeld | legpuzzel | passen | passend | puzzel | schakel | stukje
Activities	🧸	teddy bear | bear | plaything | plush | stuffed | teddy | toy | teddybeer | beer | beertje | knuffel | knuffelbeer | knuffelbeest | pluche | speelgoed | speeltje | teddy beer
Activities	🪅	piñata | candy | celebrate | celebration | cinco | de | festive | mayo | party | pinada | pinata | cinco de mayo | feest | mexicaans | mexico | snoep | snoepgoed | vieren | viering
Activities	🪩	mirror ball | ball | dance | disco | glitter | mirror | party | spiegelbal | dans | dansen | discobal | feest
Activities	🪆	nesting dolls | babooshka | baboushka | babushka | doll | dolls | matryoshka | nesting | russia | matroesjka | baboesjka | baboesjka’s | genest | pop | poppetjes | rusland | russisch
Activities	♠️	spade suit | card | game | spade | suit | schoppen | kaart | kaarten | spel
Activities	♥️	heart suit | card | emotion | game | heart | hearts | suit | harten | hart | kaart | kaarten | spel
Activities	♦️	diamond suit | card | diamond | game | suit | ruiten | kaart | kaarten | ruit | spel | vorm
Activities	♣️	club suit | card | club | clubs | game | suit | klaveren | kaart | kaarten | klaver | spel
Activities	♟️	chess pawn | chess | dupe | expendable | pawn | pion | schaken | slachtoffer | waardeloos
Activities	🃏	joker | card | game | wildcard | jokerkaart | kaart | kaarten | spel | spelen
Activities	🀄	mahjong red dragon | dragon | game | mahjong | red | mahjong rode draak | rode draak | rood | spel | stenen
Activities	🎴	flower playing cards | card | cards | flower | game | japanese | playing | speelkaarten | bloem | bloemenkaart | bloemspeelkaarten | hanafuda | japans | kaart | kaartspel | spel | spelen
Activities	🎭	performing arts | actor | actress | art | arts | entertainment | mask | performing | theater | theatre | thespian | toneelkunsten | kunst | masker | maskers | optreden | toneel | toneelkunst | treurspel
Activities	🖼️	framed picture | art | frame | framed | museum | painting | picture | lijst met afbeelding | afbeelding | kunst | lijst | schilderij
Activities	🎨	artist palette | art | artist | artsy | arty | colorful | creative | entertainment | museum | painter | painting | palette | schilderspalet | creatief | kleurrijk | kunst | kunstzinnig | palet | schilderen | schilderij
Activities	🧵	thread | needle | sewing | spool | string | garen | draad | klos | naaien | naald
Activities	🪡	sewing needle | embroidery | needle | sew | sewing | stitches | sutures | tailoring | thread | naald | borduren | draad | hechten | hechtingen | hobby | kleding | kleermaken | naaien | speld
Activities	🧶	yarn | ball | crochet | knit | wol | bal | bol | breien | draad | haken
Activities	🪢	knot | cord | rope | tangled | tie | twine | twist | knoop | boot | geknoopt | hobby | knopen | kronkel | padvinder | streng | touw | zeilen
Objects	👓	glasses | clothing | eye | eyeglasses | eyewear | bril | bijziend | brillen | kleding | oog | verziend | zien | zonnebril
Objects	🕶️	sunglasses | dark | eye | eyewear | glasses | zonnebril | bril | brillen | donker | oog
Objects	🥽	goggles | dive | eye | protection | scuba | swimming | welding | oogscherm | bescherming | bril | duik | duiken | lassen | oog | zwemmen
Objects	🥼	lab coat | clothes | coat | doctor | dr | experiment | jacket | lab | scientist | white | labjas | dokter | dr. | jas | kleding | wetenschapper | wit
Objects	🦺	safety vest | emergency | safety | vest | veiligheidsvest | gevaarlijk | noodgeval | veilig | veiligheid
Objects	👔	necktie | clothing | employed | serious | shirt | tie | stropdas | formeel | kleding | overhemd | pak
Objects	👕	t-shirt | blue | casual | clothes | clothing | collar | dressed | shirt | shopping | tshirt | weekend | blauw shirt | kleding | kraag | poloshirt | vrijetijdskleding
Objects	👖	jeans | blue | casual | clothes | clothing | denim | dressed | pants | shopping | trousers | weekend | spijkerbroek | broek | kleding
Objects	🧣	scarf | bundle | cold | neck | up | sjaal | koud | nek
Objects	🧤	gloves | hand | handschoenen
Objects	🧥	coat | brr | bundle | cold | jacket | up | jas | blazer | jack | koud | warm aankleden
Objects	🧦	socks | stocking | sokken | kousen
Objects	👗	dress | clothes | clothing | dressed | fancy | shopping | jurk | blauwe jurk | dansen | kleding | kledingstuk | sjiek | winkelen
Objects	👘	kimono | clothing | comfortable | japans | japon | kleding
Objects	🥻	sari | clothing | dress | jurk | kledij | kleding
Objects	🩱	one-piece swimsuit | bathing | one-piece | suit | swimsuit | badpak | badpak uit één stuk | strand | zomer | zwembad | zwemgerief | zwemmen | zwempak
Objects	🩲	briefs | bathing | one-piece | suit | swimsuit | underwear | slip | onderbroek | ondergoed | sporten | strand | zwembroek | zwemgerief | zwemkleding | zwemmen
Objects	🩳	shorts | bathing | pants | suit | swimsuit | underwear | korte broek | badpak | broek | ondergoed | pak | zwem
Objects	👙	bikini | bathing | beach | clothing | pool | suit | swim | kleding | zwembad | zwemkleding | zwemmen
Objects	👚	woman’s clothes | blouse | clothes | clothing | collar | dress | dressed | lady | shirt | shopping | woman | woman’s | dameskleding | dames | kleding
Objects	🪭	folding hand fan | clack | clap | cool | cooling | dance | fan | flirt | flutter | folding | hand | hot | shy | opvouwbare waaier | afkoelen | dansen | fladderen | heet | verlegen | waaier
Objects	👛	purse | clothes | clothing | coin | dress | fancy | handbag | shopping | portemonnee | accessoire | beurs | geld uitgeven | kleding | knip | munt | portefeuille | roze portemonnee | winkelen
Objects	👜	handbag | bag | clothes | clothing | dress | lady | purse | shopping | handtas | accessoire | kleding | modieuze tas | tas | winkelen
Objects	👝	clutch bag | bag | clothes | clothing | clutch | dress | handbag | pouch | purse | tasje | accessoire | enveloptas | handtas | kleding | tas
Objects	🛍️	shopping bags | bag | bags | hotel | shopping | boodschappentassen | tas | winkelen
Objects	🎒	backpack | backpacking | bag | bookbag | education | rucksack | satchel | school | schooltas | boekentas | rugzak | tas
Objects	🩴	thong sandal | beach | flip | flop | sandal | sandals | shoe | thong | thongs | zōri | teenslipper | sandaal | sandalen | schoen | slipper | strand | strandslipper
Objects	👞	man’s shoe | brown | clothes | clothing | feet | foot | kick | man | man’s | shoe | shoes | shopping | herenschoen | formeel | kleding | leren schoen | nette schoen | schoen
Objects	👟	running shoe | athletic | clothes | clothing | fast | kick | running | shoe | shoes | shopping | sneaker | tennis | sportschoen | atletiek | hardlopen | kleding | rennen | schoen | sporten
Objects	🥾	hiking boot | backpacking | boot | brown | camping | hiking | outdoors | shoe | wandelschoen | backpacken | bruin | buiten | kamperen | laars | schoen | wandelen
Objects	🥿	flat shoe | ballet | comfy | flat | flats | shoe | slip-on | slipper | platte schoen | ballerina | ballerina’s | comfortabel | flatjes | instapper
Objects	👠	high-heeled shoe | clothes | clothing | dress | fashion | heel | heels | high-heeled | shoe | shoes | shopping | stiletto | woman | schoen met hoge hak | hak | hoge hak | kleding | naaldhak | pump | schoen | vrouw
Objects	👡	woman’s sandal | clothing | sandal | shoe | woman | woman’s | damessandaal | hak | hoge hak | kleding | muiltje | sandaal | schoen | schoen met open teen | vrouw
Objects	🩰	ballet shoes | ballet | dance | shoes | balletschoenen | ballerina | dans | dansen | pirouette | schoenen | spitzen
Objects	👢	woman’s boot | boot | clothes | clothing | dress | shoe | shoes | shopping | woman | woman’s | dameslaars | kleding | laars | schoen | vrouw
Objects	🪮	hair pick | afro | comb | groom | hair | pick | haarkam | haar | kam | kroes
Objects	👑	crown | clothing | family | king | medieval | queen | royal | royalty | win | kroon | adel | game of thrones | kleding | koning | koningin | koninklijk | middeleeuwen | vorst | vorstin
Objects	👒	woman’s hat | clothes | clothing | garden | hat | hats | party | woman | woman’s | dameshoed | hoed | hoed met strik | kleding | vrouw
Objects	🎩	top hat | clothes | clothing | fancy | formal | hat | magic | top | tophat | hoge hoed | formeel | goochelen | goochelhoed | hoed | hoog | kleding
Objects	🎓	graduation cap | cap | celebration | clothing | education | graduation | hat | scholar | academische baret | afstuderen | baret | feest | hoed | kleding | opleiding | student
Objects	🧢	billed cap | baseball | bent | billed | cap | dad | hat | pet | baseballcap | hoofddeksel
Objects	🪖	military helmet | army | helmet | military | soldier | war | warrior | legerhelm | helm | krijger | leger | militair | oorlog | soldaat | vechter | voorwerp
Objects	⛑️	rescue worker’s helmet | aid | cross | face | hat | helmet | rescue | worker’s | helm van reddingswerker | gezicht | helm | hoed | hulp | kruis | redding | werknemer
Objects	📿	prayer beads | beads | clothing | necklace | prayer | religion | gebedssnoer | gebed | gebedsketting | gebedskralen | geloof | ketting | kleding | kralen
Objects	💄	lipstick | cosmetics | date | makeup | lippenstift | afspraakje | cosmetica | make-up | opmaken
Objects	💍	ring | diamond | engaged | engagement | married | romance | shiny | sparkling | wedding | bruiloft | diamant | glinsteren | romantiek | schitteren | trouwen | verloving
Objects	💎	gem stone | diamond | engagement | gem | jewel | money | romance | stone | wedding | edelsteen | bruiloft | diamant | juweel | romantiek | trouwen | verloving
Objects	🔇	muted speaker | mute | muted | quiet | silent | sound | speaker | speaker uit | dempen | geen geluid | geluid uit | luidspreker | stil | volume
Objects	🔈	speaker low volume | low | soft | sound | speaker | volume | laag volume | luidspreker | zacht
Objects	🔉	speaker medium volume | medium | sound | speaker | volume | speaker aan | gemiddeld volume | luidspreker
Objects	🔊	speaker high volume | high | loud | music | sound | speaker | volume | speaker luid | hard | hoog volume | luid | luidspreker
Objects	📢	loudspeaker | address | communication | loud | public | sound | luidspreker | luid | megafoon | toespraak | toespreken
Objects	📣	megaphone | cheering | sound | megafoon | communicatie | geluid | gouden megafoon | juichen | versterken
Objects	📯	postal horn | horn | post | postal | posthoorn | blaasinstrument | hoorn | jachthoorn
Objects	🔔	bell | break | church | sound | bel | kerkklok | klok | luiden | pauze | rinkelen
Objects	🔕	bell with slash | bell | forbidden | mute | no | not | prohibited | quiet | silent | slash | sound | doorgestreepte bel | bel | dempen | geen | geen geluid | geluid uit | niet toegestaan | stil | stilte
Objects	🎼	musical score | music | musical | note | score | notenschift | g-sleutel | muziek | partituur
Objects	🎵	musical note | music | musical | note | sound | muzieknoot | achtste noten | muziek | noot
Objects	🎶	musical notes | music | musical | note | notes | sound | muzieknoten | achtste noten | geluid | muziek | noot | noten
Objects	🎙️	studio microphone | mic | microphone | music | studio | studiomicrofoon | microfoon | muziek
Objects	🎚️	level slider | level | music | slider | schuifregelaar | muziek | niveau | schuifje | volumeregelaar
Objects	🎛️	control knobs | control | knobs | music | controleknoppen | bediening | knoppen | muziek
Objects	🎤	microphone | karaoke | mic | music | sing | sound | microfoon | geluid | muziek | zingen
Objects	🎧	headphone | earbud | sound | hoofdtelefoon | geluid | koptelefoon | oordopje
Objects	📻	radio | entertainment | tbt | video | muziek
Objects	🎷	saxophone | instrument | music | sax | saxofoon | muziek | muziekinstrument
Objects	🪗	accordion | box | concertina | instrument | music | squeeze | squeezebox | accordeon | bandoneon | muziek | trek | trekzak
Objects	🎸	guitar | instrument | music | strat | gitaar | muziek | muziekinstrument | stratocaster
Objects	🎹	musical keyboard | instrument | keyboard | music | musical | piano | muziek | muziekinstrument
Objects	🎺	trumpet | instrument | music | trompet | muziek | muziekinstrument
Objects	🎻	violin | instrument | music | viool | muziek | muziekinstrument | stradivarius
Objects	🪕	banjo | music | stringed | besnaard | instrument | muziek | snaarinstrument | spelen
Objects	🥁	drum | drumsticks | music | trommel | drummen | drums | muziek | muziekinstrument | trommelen | trommelstokken
Objects	🪘	long drum | beat | conga | drum | instrument | long | rhythm | hoge trom | hoog | ritme | trom
Objects	🪇	maracas | cha | dance | instrument | music | party | percussion | rattle | shake | shaker | sambaballen | muziek | percussie | ratelen | schudden
Objects	🪈	flute | band | fife | flautist | instrument | marching | music | orchestra | piccolo | pipe | recorder | woodwind | fluit | blokfluit | dwarsfluit | houtblazer | muziek | pijperfluit
Objects	📱	mobile phone | cell | communication | mobile | phone | telephone | mobiele telefoon | bellen | communicatie | mobiel | smartphone | telefoon
Objects	📲	mobile phone with arrow | arrow | build | call | cell | communication | mobile | phone | receive | telephone | mobiel met pijl | bellen | mobiel | mobiele telefoon | ontvangen | pijl | smartphone | telefoon
Objects	☎️	telephone | phone | telefoon | rode telefoon met hoorn | vaste telefoon
Objects	📞	telephone receiver | communication | phone | receiver | telephone | voip | telefoonhoorn | bellen | hoorn | telefoon
Objects	📟	pager | communication | pieper
Objects	📠	fax machine | communication | fax | machine | communicatie | faxapparaat
Objects	🔋	battery | batterij
Objects	🪫	low battery | battery | drained | electronic | energy | low | power | batterij bijna leeg | accu | batterij | electronisch | lege batterij | weinig batterijlading
Objects	🔌	electric plug | electric | electricity | plug | stekker | elektriciteit | elektrisch
Objects	💻	laptop | computer | office | pc | personal | notebook | personal computer
Objects	🖥️	desktop computer | computer | desktop | monitor | beeldscherm
Objects	🖨️	printer | computer | afdrukken
Objects	⌨️	keyboard | computer | toetsenbord
Objects	🖱️	computer mouse | computer | mouse | computermuis | muis
Objects	🖲️	trackball | computer
Objects	💽	computer disk | computer | disk | minidisk | optical | harddisk | minidisc | optisch
Objects	💾	floppy disk | computer | disk | floppy | floppydisk | diskette | opslaan
Objects	💿	optical disk | blu-ray | cd | computer | disk | dvd | optical | optische schijf | cd-rom | optisch | schijf
Objects	📀	dvd | blu-ray | cd | computer | disk | optical | optisch | schijf
Objects	🧮	abacus | calculation | calculator | berekenen | optellen | rekenen | rekenmachine | tellen | telraam
Objects	🎥	movie camera | bollywood | camera | cinema | film | hollywood | movie | record | filmcamera | bioscoop | opnemen
Objects	🎞️	film frames | cinema | film | frames | movie | filmframes | bioscoop | filmrol | films
Objects	📽️	film projector | cinema | film | movie | projector | video | filmprojector | bioscoop
Objects	🎬	clapper board | action | board | clapper | movie | klapbord | actie | entertainment | film | filmklapper | filmset | klapper | opnames
Objects	📺	television | tv | video | beeld | beeldbuis | televisie
Objects	📷	camera | photo | selfie | snap | tbt | trip | video | fotocamera | fotograferen
Objects	📸	camera with flash | camera | flash | video | camera met flitser | flitser | fotograferen
Objects	📹	video camera | camcorder | camera | tbt | video | videocamera
Objects	📼	videocassette | old | school | tape | vcr | vhs | video | videoband | band | film
Objects	🔍	magnifying glass tilted left | glass | lab | left | left-pointing | magnifying | science | search | tilted | tool | vergrootglas naar links gericht | gereedschap | glas | vergrootglas | vergroten | zoeken
Objects	🔎	magnifying glass tilted right | contact | glass | lab | magnifying | right | right-pointing | science | search | tilted | tool | vergrootglas naar rechts gericht | gereedschap | glas | vergrootglas | vergroten | zoeken
Objects	🕯️	candle | light | kaars | kaarslicht | licht
Objects	💡	light bulb | bulb | comic | electric | idea | light | gloeilamp | elektrisch | idee | lamp | licht | peertje | strip
Objects	🔦	flashlight | electric | light | tool | torch | zaklamp | elektrisch | lamp | licht | zaklantaarn
Objects	🏮	red paper lantern | bar | lantern | light | paper | red | restaurant | rode papieren lantaarn | lantaarn | licht | rood
Objects	🪔	diya lamp | diya | lamp | light | oil | diya-lamp | licht | olie | vlam
Objects	📔	notebook with decorative cover | book | cover | decorated | decorative | education | notebook | school | writing | versierd schrift | boek | decoratief | notitieboekje | omslag | opleiding | schrijven | versierd
Objects	📕	closed book | book | closed | education | gesloten boek | bibliotheek | boek | educatie | gesloten | lezen | onderwijs
Objects	📖	open book | book | education | fantasy | knowledge | library | novels | open | reading | geopend boek | boek | geopend
Objects	📗	green book | book | education | fantasy | green | library | reading | groen boek | bibliotheek | boek | educatie | groen | lezen | onderwijs
Objects	📘	blue book | blue | book | education | fantasy | library | reading | blauw boek | bibliotheek | blauw | boek | educatie | lezen | onderwijs
Objects	📙	orange book | book | education | fantasy | library | orange | reading | oranje boek | bibliotheek | boek | educatie | lezen | onderwijs | oranje
Objects	📚	books | book | education | fantasy | knowledge | library | novels | reading | school | study | boeken | boek | educatie | kennis | lezen | onderwijs | opleiding
Objects	📓	notebook | schrift | notitieboek
Objects	📒	ledger | notebook | grootboek | map | notitieboek | ringband | schrift
Objects	📃	page with curl | curl | document | page | paper | omkrullende pagina | bladzijde | half opgerold papier | krul | pagina | pagina met krul | papier
Objects	📜	scroll | paper | rol | papier | papierrol | perkament | perkamentpapier
Objects	📄	page facing up | document | facing | page | paper | up | pagina met bovenzijde omhoog | bladzijde | pagina
Objects	📰	newspaper | communication | news | paper | krant | dagblad | nieuws | nieuwsblad | voorpagina | weekblad
Objects	🗞️	rolled-up newspaper | news | newspaper | paper | rolled | rolled-up | opgerolde krant | dagblad | krant | nieuws | nieuwsblad | opgerold | weekblad
Objects	📑	bookmark tabs | bookmark | mark | marker | tabs | bladwijzertabs | bladwijzer | bladwijzers | markering | tabbladen
Objects	🔖	bookmark | mark | bladwijzer | markering
Objects	🏷️	label | tag
Objects	💰	money bag | bag | bank | bet | billion | cash | cost | dollar | gold | million | money | moneybag | paid | paying | pot | rich | win | zak met geld | geld | geldzak | rijk | zak
Objects	🪙	coin | dollar | euro | gold | metal | money | rich | silver | treasure | munt | geld | goud | metaal | rijk | schat | zilver
Objects	💴	yen banknote | bank | banknote | bill | currency | money | note | yen | yenbiljet | bankbiljet | biljet | briefgeld | briefje | geld | valuta
Objects	💵	dollar banknote | bank | banknote | bill | currency | dollar | money | note | dollarbiljet | bankbiljet | biljet | briefgeld | briefje | geld | valuta
Objects	💶	euro banknote | 100 | bank | banknote | bill | currency | euro | money | note | rich | eurobiljet | bankbiljet | biljet | briefgeld | briefje | geld | valuta
Objects	💷	pound banknote | bank | banknote | bill | billion | cash | currency | money | note | pound | pounds | pondbiljet | bankbiljet | biljet | briefgeld | briefje | geld | pond | valuta
Objects	💸	money with wings | bank | banknote | bill | billion | cash | dollar | fly | million | money | note | pay | wings | vliegend geld | bankbiljet | biljet | briefgeld | geld | geld met vleugels | vleugels | vliegen | vliegend bankbiljet
Objects	💳	credit card | bank | card | cash | charge | credit | money | pay | creditcard | betaalkaart | geld | kaart | krediet | pinpas
Objects	🧾	receipt | accounting | bookkeeping | evidence | invoice | proof | kassabon | administratie | bewijs | boekhouden | boekhouding | bonnetje | factuur | kwitantie | rekening
Objects	💹	chart increasing with yen | bank | chart | currency | graph | growth | increasing | market | money | rise | trend | upward | yen | stijgende grafiek met yenteken | geld | grafiek | groei | markt | stijging | toenemend | valuta
Objects	✉️	envelope | e-mail | email | letter | envelop | brief | mail
Objects	📧	e-mail | email | letter | mail | brief | post
Objects	📨	incoming envelope | delivering | e-mail | email | envelope | incoming | letter | mail | receive | sent | inkomende post | binnengekomen | brief | elektronische post | envelop | inkomend | ontvangen | post
Objects	📩	envelope with arrow | arrow | communication | down | e-mail | email | envelope | letter | mail | outgoing | send | sent | envelop met pijl | brief | communicatie | envelop | omlaag | pijl | post | uitgaand | verzenden | verzonden
Objects	📤	outbox tray | box | email | letter | mail | outbox | sent | tray | postvak uit | brief | post | postvak | uitgaand | verzonden
Objects	📥	inbox tray | box | email | inbox | letter | mail | receive | tray | zero | postvak in | brief | inkomend | ontvangen | post | postvak
Objects	📦	package | box | communication | delivery | parcel | shipping | pakket | bezorging | dichtgeplakte doos | doos | pakketje
Objects	📫	closed mailbox with raised flag | closed | communication | flag | mail | mailbox | postbox | raised | gesloten brievenbus met vlaggetje omhoog | brievenbus | gesloten | post | postbus
Objects	📪	closed mailbox with lowered flag | closed | flag | lowered | mail | mailbox | postbox | gesloten brievenbus met vlaggetje omlaag | brievenbus | gesloten | omlaag | post | postbus
Objects	📬	open mailbox with raised flag | flag | mail | mailbox | open | postbox | raised | open brievenbus met vlaggetje omhoog | brievenbus | post | postbus
Objects	📭	open mailbox with lowered flag | flag | lowered | mail | mailbox | open | postbox | open brievenbus met vlaggetje omlaag | brievenbus | omlaag | post | postbus
Objects	📮	postbox | mail | mailbox | brievenbus | brief posten | brievenbus met brief | post | postbus
Objects	🗳️	ballot box with ballot | ballot | box | stembus met stembiljet | doos | stem uitbrengen | stembus
Objects	✏️	pencil | potlood
Objects	✒️	black nib | black | nib | pen | kroontjespen met zwarte punt | punt | vulpen
Objects	🖋️	fountain pen | fountain | pen | vulpen
Objects	🖊️	pen | ballpoint | balpen
Objects	🖌️	paintbrush | painting | kwast | penseel | schilderen | schilderkwast | verven
Objects	🖍️	crayon | krijtje | krijt | rood krijtje
Objects	📝	memo | communication | media | notes | pencil | aantekeningen | opmerkingen | papier | potlood
Objects	💼	briefcase | office | aktentas | aktetas | boekentas | handtas | kantoor
Objects	📁	file folder | file | folder | bestandsmap | bestand | map
Objects	📂	open file folder | file | folder | open | geopende map | bestand | geopende bestandsmap | map
Objects	🗂️	card index dividers | card | dividers | index | tabbladen | kaart | kaarten
Objects	📅	calendar | date | kalender | datum
Objects	📆	tear-off calendar | calendar | tear-off | scheurkalender | kalender
Objects	🗒️	spiral notepad | note | notepad | pad | spiral | schrijfblok met spiraal | notitie | notitieblok | schrijfblok | spiraal
Objects	🗓️	spiral calendar | calendar | pad | spiral | kalender met spiraal | blok | jaarkalender | kalender | omlegkalender | spiraal
Objects	📇	card index | card | index | old | rolodex | school | kaartindex | kaart | systeemkaarten
Objects	📈	chart increasing | chart | data | graph | growth | increasing | right | trend | up | upward | stijgende trend | diagram | grafiek | grafiek met stijgende trend | groei | positief | stijgend
Objects	📉	chart decreasing | chart | data | decreasing | down | downward | graph | negative | trend | dalende trend | dalend | daling | diagram | grafiek | grafiek met dalende trend | negatief
Objects	📊	bar chart | bar | chart | data | graph | staafdiagram | diagram | grafiek | staaf | staafgrafiek
Objects	📋	clipboard | do | list | notes | klembord | notities | to-dolijst
Objects	📌	pushpin | collage | pin | punaise | speld
Objects	📍	round pushpin | location | map | pin | pushpin | round | ronde speld | kaart | kopspeld | locatie | speld
Objects	📎	paperclip | clip
Objects	🖇️	linked paperclips | link | linked | paperclip | paperclips | twee paperclips aan elkaar | aan elkaar | vastgemaakt
Objects	📏	straight ruler | angle | edge | math | ruler | straight | straightedge | liniaal | meetinstrument | meten | rechte lijn | wiskunde
Objects	📐	triangular ruler | angle | math | rule | ruler | set | slide | triangle | triangular | geodriehoek | driehoek | geo | liniaal | meetinstrument | meten | wiskunde
Objects	✂️	scissors | cut | cutting | paper | tool | schaar | gereedschap | knippen
Objects	🗃️	card file box | box | card | file | kaartenbak | archief | bak | kaart
Objects	🗄️	file cabinet | cabinet | file | filing | paper | archiefkast | archief | archiveren | kast
Objects	🗑️	wastebasket | can | garbage | trash | waste | prullenmand | prullenbak | recyclen
Objects	🔒	locked | closed | lock | private | slot | gesloten slot | privé
Objects	🔓	unlocked | cracked | lock | open | unlock | geopend hangslot | gekraakt slot | geopend | hangslot | open slot | openen
Objects	🔏	locked with pen | ink | lock | locked | nib | pen | privacy | slot met pen | inkt | slot | slot met vulpen | vulpen
Objects	🔐	locked with key | bike | closed | key | lock | locked | secure | gesloten slot met sleutel | beveiligd | gesloten | sleutel | slok | slot met sleutel
Objects	🔑	key | keys | lock | major | password | unlock | sleutel | beveiligd | op slot | openen | wachtwoord
Objects	🗝️	old key | clue | key | lock | old | oude sleutel | aanwijzing | oud | ouderwetse sleutel | sleutel | slot
Objects	🔨	hammer | home | improvement | repairs | tool | hamer | gereedschap | timmeren
Objects	🪓	axe | ax | chop | hatchet | split | wood | bijl | gereedschap | hakken | hout | houthakker | splijten
Objects	⛏️	pick | hammer | mining | tool | pikhouweel | gereedschap | mijnbouw
Objects	⚒️	hammer and pick | hammer | pick | tool | twee hamers | gereedschap | hamer | hamer en pikhouweel | hamers | pikhouweel
Objects	🛠️	hammer and wrench | hammer | spanner | tool | wrench | hamer en moersleutel | gereedschap | hamer | klussen | moersleutel
Objects	🗡️	dagger | knife | weapon | dolk | mes | wapen
Objects	⚔️	crossed swords | crossed | swords | weapon | gekruiste zwaarden | degens gekruist | gekruist | wapen | zwaarden
Objects	💣	bomb | boom | comic | dangerous | explosion | hot | bom | cartoonbom | explosie | gevaarlijk | ontploffing | strip
Objects	🪃	boomerang | rebound | repercussion | weapon | boemerang | australië | buiten | reactie | spel | terugslag
Objects	🏹	bow and arrow | archer | archery | arrow | bow | sagittarius | tool | weapon | zodiac | pijl en boog | boog | boogschieten | boogschutter | horoscoop | pijl | sport | sterrenbeeld | wapen
Objects	🛡️	shield | weapon | schild | bescherming | middeleeuwen | wapen
Objects	🪚	carpentry saw | carpenter | carpentry | cut | lumber | saw | tool | trim | houtzaag | afzagen | gereedschap | hout | timmeren | timmerman | voorwerp | zaag | zagen
Objects	🔧	wrench | home | improvement | spanner | tool | moersleutel | engelse sleutel | gereedschap | schroefsleutel
Objects	🪛	screwdriver | flathead | handy | screw | tool | schroevendraaier | gereedschap | klussen | repareren | schroef
Objects	🔩	nut and bolt | bolt | home | improvement | nut | tool | bout en moer | bout | gereedschap | moer
Objects	⚙️	gear | cog | cogwheel | tool | tandwiel | gereedschap | instellingen | radertje | tandrad
Objects	🗜️	clamp | compress | tool | vice | lijmklem | bankschroef | gereedschap | samendrukken
Objects	⚖️	balance scale | balance | justice | libra | scale | scales | tool | weight | zodiac | weegschaal | balans | dierenriem | gerechtigheid | gewichten | horoscoop | recht | sterrenbeeld | weegschaal in balans
Objects	🦯	white cane | accessibility | blind | cane | probing | white | taststok | blindenstok | lopen | toegankelijkheid
Objects	🔗	link | links | schakels | twee ringen
Objects	⛓️‍💥	broken chain | break | breaking | broken | chain | cuffs | freedom | gebroken ketting | boeien | breek | gebroken | ketting | vrijheid
Objects	⛓️	chains | chain | kettingen | ketting
Objects	🪝	hook | catch | crook | curve | ensnare | point | selling | haak | aanbeveling | bocht | hengel | kronkel | vangen | verstrikken | vissen
Objects	🧰	toolbox | box | chest | mechanic | red | tool | gereedschapskist | doos | gereedschap | kist | monteur | rode kist
Objects	🧲	magnet | attraction | horseshoe | magnetic | negative | positive | shape | u | magneet | aantrekking | aantrekkingskracht | hoefijzer | magnetisch | positief negatief | uvormig
Objects	🪜	ladder | climb | rung | step | klimmen | omhoog | omlaag | sport | trede | voorwerp
Objects	⚗️	alembic | chemistry | tool | distilleerkolf | gereedschap | scheikunde
Objects	🧪	test tube | chemist | chemistry | experiment | lab | science | test | tube | reageerbuis | chemicus | laboratorium | scheikunde | scheikundige | wetenschap
Objects	🧫	petri dish | bacteria | biologist | biology | culture | dish | lab | petri | petrischaal | bacterie | bacteriën | biologe | biologie | bioloog | cultuur | kweek | laboratorium
Objects	🧬	dna | biologist | evolution | gene | genetics | life | biologe | bioloog | evolutie | gen | genetica | genetisch | leven
Objects	🔬	microscope | experiment | lab | science | tool | microscoop | gereedschap | instrument | laboratorium | onderzoek | wetenschap
Objects	🔭	telescope | contact | extraterrestrial | science | tool | telescoop | buitenaards leven | gereedschap | heelal | instrument | sterrenkijker | wetenschap
Objects	📡	satellite antenna | aliens | antenna | contact | dish | satellite | science | satellietschotel | antenne | communicatie | satelliet | schotel
Objects	💉	syringe | doctor | flu | medicine | needle | shot | sick | tool | vaccination | injectiespuit | dokter | gereedschap | griep | injectie | medicijn | naald | spuit | vaccinatie | ziek
Objects	🩸	drop of blood | bleed | blood | donation | drop | injury | medicine | menstruation | bloeddruppel | bloed | bloeden | donatie | druppel | medicijnen | menstruatie | verwonding
Objects	💊	pill | doctor | drugs | medicated | medicine | pills | sick | vitamin | pil | dokter | geneeskunde | medicatie | medicijn | vitamine | ziek
Objects	🩹	adhesive bandage | adhesive | bandage | pleister | bloed | pijn | snee | verband | wond | ziekenhuis
Objects	🩼	crutch | aid | cane | disability | help | hurt | injured | mobility | stick | kruk | gewond | handicap | lopen | mobiliteitshulp | stok | wandelstok
Objects	🩺	stethoscope | doctor | heart | medicine | stethoscoop | arts | dokter | geneeskunde | hart | medicijnen | ziekenhuis
Objects	🩻	x-ray | bones | doctor | medical | skeleton | skull | xray | röntgenfoto | borstkas | botten | dokter | medisch | ribben | skelet | ziek | ziekenhuis
Objects	🚪	door | back | closet | front | deur | achterdeur | gesloten deur | voordeur
Objects	🛗	elevator | accessibility | hoist | lift | hijstoestel | machine | omhoog | omlaag | personenlift | toegankelijkheid | voorwerp
Objects	🪞	mirror | makeup | reflection | reflector | speculum | spiegel | make-up | opmaken | reflectie | spiegelbeeld | spiegels | voorwerp | weerspiegeling
Objects	🪟	window | air | frame | fresh | opening | transparent | view | raam | doorzichtig | frisse lucht | kijken | kozijn | raamkozijn | uitzicht | venster | voorwerp
Objects	🛏️	bed | hotel | sleep | slapen
Objects	🛋️	couch and lamp | couch | hotel | lamp | bank en lamp | bank | sofa
Objects	🪑	chair | seat | sit | hoge stoel | meubels | meubelstuk | stoel | zetel | zitten
Objects	🚽	toilet | bathroom | wc
Objects	🪠	plunger | cup | force | plumber | poop | suction | toilet | ontstopper | kracht | loodgieter | poep | wc | zuiger | zuigkracht
Objects	🚿	shower | water | douche | douchekop
Objects	🛁	bathtub | bath | badkuip | bad | badkuip met douche
Objects	🪤	mouse trap | bait | cheese | lure | mouse | mousetrap | snare | trap | muizenval | aas | kaas | lokken | strik | valstrik | vangen
Objects	🪒	razor | sharp | shave | scheermes | baard | badkamer | mesjes | scheren | scherp | voorwerp
Objects	🧴	lotion bottle | bottle | lotion | moisturizer | shampoo | sunscreen | lotionfles | crème | huidcrème | hydraterende lotion | lotion flacon | zonnebrandcrème | zonnebrandolie
Objects	🧷	safety pin | diaper | pin | punk | rock | safety | veiligheidsspeld | luier | luierspeld | speld
Objects	🧹	broom | cleaning | sweeping | witch | bezem | bezemsteel | heks | schoonmaken | vegen
Objects	🧺	basket | farming | laundry | picnic | mand | boeren | landbouw | oogsten | picknick | wasgoed | wasmand
Objects	🧻	roll of paper | paper | roll | toilet | towels | rol papier | closetrol | keukenrol | papieren handdoek | toiletpapier | toiletrol | wc-papier | wc-rol
Objects	🪣	bucket | cask | pail | vat | emmer | aker | dweil | dweilen | poetsen | putemmer | schoonmaken | voorwerp | water
Objects	🧼	soap | bar | bathing | clean | cleaning | lather | soapdish | zeep | baden | inzepen | schoon | schoonmaken | schuim | stuk zeep | wassen | zeepbakje | zeephouder
Objects	🫧	bubbles | bubble | burp | clean | floating | pearl | soap | underwater | zeepbellen | bad | bubbel | bubbels | onderwater | schoon | wassen | zeep
Objects	🪥	toothbrush | bathroom | brush | clean | dental | hygiene | teeth | toiletry | tandenborstel | badkamer | borstel | hygiëne | poetsen | tanden | tandheelkunde | toiletartikelen
Objects	🧽	sponge | absorbing | cleaning | porous | soak | spons | absorberen | absorberend | baden | poreus | schoonmaken | schrobben
Objects	🧯	fire extinguisher | extinguish | extinguisher | fire | quench | brandblusapparaat | blusapparaat | blussen | blusser | brandblusser | doven | vuur
Objects	🛒	shopping cart | cart | shopping | trolley | winkelwagen | boodschappen | shoppen | wagen | wagentje | winkelen
Objects	🚬	cigarette | smoking | sigaret | roken
Objects	⚰️	coffin | dead | death | vampire | doodskist | dood | kist | vampier
Objects	🪦	headstone | cemetery | dead | grave | graveyard | memorial | rip | tomb | tombstone | grafsteen | begraafplaats | begrafenis | dood | graf | grafzerk | kerkhof | overleden | voorwerp
Objects	⚱️	funeral urn | ashes | death | funeral | urn | as | begrafenis | dood
Objects	🧿	nazar amulet | amulet | bead | blue | charm | evil-eye | nazar | talisman | nazar-amulet | bedel | blauw | boze oog | kraal
Objects	🪬	hamsa | amulet | fatima | fortune | guide | hand | mary | miriam | palm | protect | protection | bescherming | geluk | handpalm | maria | mirjam | oog
Objects	🗿	moai | face | moyai | statue | stoneface | travel | moai-beeld | beelden | gezicht | paaseiland | reizen | standbeeld
Objects	🪧	placard | card | demonstration | notice | picket | plaque | protest | sign | plakkaat | bord | demonstratie | mars | poster | protesteren | slogan | voorwerp
Objects	🪪	identification card | card | credentials | document | id | identification | license | security | legitimatiebewijs | beveiliging | id-kaart | identificatie | identiteitskaart | overheid | vergunning
Symbols	🏧	atm sign | atm | automated | bank | cash | money | sign | teller | pinautomaat | automaat | geld | pinnen
Symbols	🚮	litter in bin sign | bin | litter | litterbin | sign | prullenbaksymbool | afval | prullenbak | teken | vuilnisbak
Symbols	🚰	potable water | drinking | potable | water | drinkwater | drink | drinkbaar
Symbols	♿	wheelchair symbol | access | handicap | symbol | wheelchair | rolstoelsymbool | rolstoel | symbool | toegang
Symbols	🚹	men’s room | bathroom | lavatory | man | men’s | restroom | room | toilet | wc | herentoilet | heren | plee | urinoir
Symbols	🚺	women’s room | bathroom | lavatory | restroom | room | toilet | wc | woman | women’s | damestoilet | dames | plee | vrouw
Symbols	🚻	restroom | bathroom | lavatory | toilet | wc | toiletten | plee
Symbols	🚼	baby symbol | baby | changing | symbol | babysymbool | symbool | verschonen
Symbols	🚾	water closet | bathroom | closet | lavatory | restroom | toilet | water | wc | wasgelegenheid
Symbols	🛂	passport control | control | passport | paspoortcontrole | controle | paspoort
Symbols	🛃	customs | packing | douane | inpakken
Symbols	🛄	baggage claim | arrived | baggage | bags | case | checked | claim | journey | packing | plane | ready | travel | trip | bagage afhalen | aangekomen | bagage | ingecheckt | inpakken | klaar | koffer | ophalen | reis | reisje | reizen | tassen | vliegtuig
Symbols	🛅	left luggage | baggage | case | left | locker | luggage | bagagekluis | achtergelaten | bagage | kluisje | koffer
Symbols	⚠️	warning | caution | waarschuwing | voorzichtig
Symbols	🚸	children crossing | child | children | crossing | pedestrian | traffic | overstekende kinderen | kind | kinderen | oversteekplaats | verkeer | voetganger
Symbols	⛔	no entry | do | entry | fail | forbidden | no | not | pass | prohibited | traffic | geen toegang | belemmerd | doorgang | geen | ingang | mislukt | niet | toegang | verboden | verkeer
Symbols	🚫	prohibited | entry | forbidden | no | not | smoke | verboden | nee | niet | roken | toegang
Symbols	🚳	no bicycles | bicycle | bicycles | bike | forbidden | no | not | prohibited | geen fietsen | fiets | fietsen | nee | niet | verboden
Symbols	🚭	no smoking | forbidden | no | not | prohibited | smoke | smoking | niet roken | nee | niet | roken | verboden
Symbols	🚯	no littering | forbidden | litter | littering | no | not | prohibited | geen afval weggooien | geen | niet | verboden | zwerfvuil
Symbols	🚱	non-potable water | dry | non-drinking | non-potable | prohibited | water | geen drinkwater | droog | niet drinkbaar | verboden
Symbols	🚷	no pedestrians | forbidden | no | not | pedestrian | pedestrians | prohibited | geen voetgangers | nee | niet | verboden | voetganger | voetgangers
Symbols	📵	no mobile phones | cell | forbidden | mobile | no | not | phone | phones | prohibited | telephone | geen mobiele telefoon | mobiel | nee | niet | telefoon | telefoons | verboden
Symbols	🔞	no one under eighteen | 18 | age | eighteen | forbidden | no | not | one | prohibited | restriction | underage | niemand onder de 18 | achttien | beperking | één | leeftijd | minderjarig | nee | niet | verboden
Symbols	☢️	radioactive | sign | radioactief | teken
Symbols	☣️	biohazard | sign | biologisch gevaar | teken
Symbols	⬆️	up arrow | arrow | cardinal | direction | north | up | pijl omhoog | noord | omhoog | pijl | richting | windrichting
Symbols	↗️	up-right arrow | arrow | direction | intercardinal | northeast | up-right | pijl rechtsomhoog | noordoost | pijl | rechtsboven | richting | windrichting
Symbols	➡️	right arrow | arrow | cardinal | direction | east | right | pijl naar rechts | oost | pijl | rechts | richting | windrichting
Symbols	↘️	down-right arrow | arrow | direction | down-right | intercardinal | southeast | pijl rechtsomlaag | pijl | rechtsonder | richting | windrichting | zuidoost
Symbols	⬇️	down arrow | arrow | cardinal | direction | down | south | pijl omlaag | omlaag | pijl | richting | windrichting | zuid
Symbols	↙️	down-left arrow | arrow | direction | down-left | intercardinal | southwest | pijl linksomlaag | linksonder | pijl | richting | windrichting | zuidwest
Symbols	⬅️	left arrow | arrow | cardinal | direction | left | west | pijl naar links | links | pijl | richting | windrichting
Symbols	↖️	up-left arrow | arrow | direction | intercardinal | northwest | up-left | pijl linksomhoog | linksboven | noordwest | pijl | richting | windrichting
Symbols	↕️	up-down arrow | arrow | up-down | pijl omhoog en omlaag | omhoog en omlaag | pijl
Symbols	↔️	left-right arrow | arrow | left-right | pijl naar links en rechts | pijl
Symbols	↩️	right arrow curving left | arrow | curving | left | right | pijl naar rechts die naar links draait | gebogen | links | pijl | rechts
Symbols	↪️	left arrow curving right | arrow | curving | left | right | pijl naar links die naar rechts draait | gebogen | links | pijl | rechts
Symbols	⤴️	right arrow curving up | arrow | curving | right | up | pijl naar rechts die omhoog draait | omhoog | pijl | rechts
Symbols	⤵️	right arrow curving down | arrow | curving | down | right | pijl naar rechts die omlaag draait | gebogen | omlaag | pijl | rechts
Symbols	🔃	clockwise vertical arrows | arrow | arrows | clockwise | refresh | reload | vertical | verticale pijlen met de klok mee | met de klok mee | opnieuw laden | pijl | pijlen | verticaal | verversen
Symbols	🔄	counterclockwise arrows button | again | anticlockwise | arrow | arrows | button | counterclockwise | deja | refresh | rewindershins | vu | pijlen tegen de klok in | déjà | knop | linksom | pijl | pijlen | tegen de klok in | vernieuwen | weer
Symbols	🔙	back arrow | arrow | back | back-pijl | pijl
Symbols	🔚	end arrow | arrow | end | end-pijl | pijl
Symbols	🔛	on! arrow | arrow | mark | on! | on!-pijl | pijl | teken
Symbols	🔜	soon arrow | arrow | brb | omw | soon | soon-pijl | onderweg | pijl | zo terug
Symbols	🔝	top arrow | arrow | homie | top | up | top-pijl | omhoog | pijl
Symbols	🛐	place of worship | place | pray | religion | worship | gebedsruimte | bidden | godsdienst | plaats | religie
Symbols	⚛️	atom symbol | atheist | atom | symbol | atoomsymbool | atheïst | atoom | symbool
Symbols	🕉️	om | hindu | religion | om-symbool | hindoeïsme | religie
Symbols	✡️	star of david | david | jew | jewish | judaism | religion | star | davidster | jodendom | jood | joods | religie | ster
Symbols	☸️	wheel of dharma | buddhist | dharma | religion | wheel | wiel van dharma | boeddhistisch | religie | wiel
Symbols	☯️	yin yang | difficult | lives | religion | tao | taoist | total | yang | yin | yinyang | yin en yang | leven | moeilijk | religie | totaal
Symbols	✝️	latin cross | christ | christian | cross | latin | religion | christelijk kruis | christelijk | christus | kruis | latijns | religie
Symbols	☦️	orthodox cross | christian | cross | orthodox | religion | russisch kruis | christelijk | kruis | religie
Symbols	☪️	star and crescent | crescent | islam | muslim | ramadan | religion | star | wassende maan en ster | moslim | religie | ster | wassende maan
Symbols	☮️	peace symbol | healing | peace | peaceful | symbol | vredessymbool | helend | symbool | vrede | vredig
Symbols	🕎	menorah | candelabrum | candlestick | hanukkah | jewish | judaism | religion | menora | hannuka | jodendom | joods | kandelaar | religie
Symbols	🔯	dotted six-pointed star | dotted | fortune | jewish | judaism | six-pointed | star | zespuntige ster | geluk | jodendom | joods | met stip | ster | zespuntig
Symbols	🪯	khanda | deg | fateh | khalsa | religion | sikh | sikhism | tegh | religie
Symbols	♈	aries | horoscope | ram | zodiac | ram (sterrenbeeld) | dierenriem | horoscoop
Symbols	♉	taurus | bull | horoscope | ox | zodiac | stier (sterrenbeeld) | dierenriem | horoscoop | os | stier
Symbols	♊	gemini | horoscope | twins | zodiac | tweelingen (sterrenbeeld) | dierenriem | horoscoop | tweelingen
Symbols	♋	cancer | crab | horoscope | zodiac | kreeft (sterrenbeeld) | dierenriem | horoscoop | kreeft
Symbols	♌	leo | horoscope | lion | zodiac | leeuw (sterrenbeeld) | dierenriem | horoscoop | leeuw
Symbols	♍	virgo | horoscope | zodiac | maagd (sterrenbeeld) | dierenriem | horoscoop | maagd
Symbols	♎	libra | balance | horoscope | justice | scales | zodiac | weegschaal (sterrenbeeld) | balans | dierenriem | gerechtigheid | horoscoop | weegschaal
Symbols	♏	scorpio | horoscope | scorpion | scorpius | zodiac | schorpioen (sterrenbeeld) | dierenriem | horoscoop | schorpioen
Symbols	♐	sagittarius | archer | horoscope | zodiac | boogschutter (sterrenbeeld) | boogschutter | dierenriem | horoscoop
Symbols	♑	capricorn | goat | horoscope | zodiac | steenbok (sterrenbeeld) | dierenriem | horoscoop | steenbok
Symbols	♒	aquarius | bearer | horoscope | water | zodiac | waterman (sterrenbeeld) | dierenriem | drager | horoscoop | waterman
Symbols	♓	pisces | fish | horoscope | zodiac | vissen (sterrenbeeld) | dierenriem | horoscoop | vissen
Symbols	⛎	ophiuchus | bearer | serpent | snake | zodiac | slangendrager (sterrenbeeld) | dierenriem | drager | horoscoop | slang | slangendrager
Symbols	🔀	shuffle tracks button | arrow | button | crossed | shuffle | tracks | knop voor shuffle | gekruist | knop | nummers | pijl
Symbols	🔁	repeat button | arrow | button | clockwise | repeat | knop voor herhalen | herhalen | knop | met de klok mee | pijl
Symbols	🔂	repeat single button | arrow | button | clockwise | once | repeat | single | knop voor één herhalen | één keer | enkel | herhalen | knop | met de klok mee | pijl
Symbols	▶️	play button | arrow | button | play | right | triangle | knop voor afspelen | afspelen | driehoek | knop | pijl | rechts
Symbols	⏩	fast-forward button | arrow | button | double | fast | fast-forward | forward | knop voor snel vooruitspoelen | dubbel | knop | pijl | snel | vooruit
Symbols	⏭️	next track button | arrow | button | next | scene | track | triangle | knop voor volgende nummer | driehoek | knop | nummer | pijl | scène | volgende
Symbols	⏯️	play or pause button | arrow | button | pause | play | right | triangle | knop voor afspelen of pauzeren | driehoek | knop | pauzeren | pijl | rechts | spelen
Symbols	◀️	reverse button | arrow | button | left | reverse | triangle | knop voor terugspoelen | achteruit | driehoek | knop | links | pijl
Symbols	⏪	fast reverse button | arrow | button | double | fast | reverse | rewind | knop voor versneld terugspoelen | dubbele pijl links | links | pijl | terugspoelen
Symbols	⏮️	last track button | arrow | button | last | previous | scene | track | triangle | knop voor vorige nummer | driehoek | knop | laatste | nummer | pijl | scène | vorige
Symbols	🔼	upwards button | arrow | button | red | up | upwards | knop voor omhoog | knop | omhoog | pijl | rood
Symbols	⏫	fast up button | arrow | button | double | fast | up | knop voor versneld omhoog | dubbel | knop | omhoog | pijl | snel
Symbols	🔽	downwards button | arrow | button | down | downwards | red | knop voor omlaag | beneden | knop | omlaag | pijl | rood
Symbols	⏬	fast down button | arrow | button | double | down | fast | knop voor versneld omlaag | dubbel | knop | omlaag | pijl | snel
Symbols	⏸️	pause button | bar | button | double | pause | vertical | pauzeknop | dubbel | knop | pauze | streep | verticaal
Symbols	⏹️	stop button | button | square | stop | knop voor stoppen | stoppen | vierkant
Symbols	⏺️	record button | button | circle | record | knop voor opnemen | knop | opnemen | rondje
Symbols	⏏️	eject button | button | eject | knop voor uitwerpen | uitwerpen
Symbols	🎦	cinema | camera | film | movie | knop voor filmen | bioscoop | filmen
Symbols	🔅	dim button | brightness | button | dim | low | knop voor lagere helderheid | dimmen | helderheid | laag
Symbols	🔆	bright button | bright | brightness | button | light | knop voor hogere helderheid | helder | helderheid | knop | licht
Symbols	📶	antenna bars | antenna | bar | bars | cell | communication | mobile | phone | signal | telephone | mobiel signaal | antenne | communicatie | mobiel | signaal | streep | streepjes | telefoon
Symbols	🛜	wireless | broadband | computer | connectivity | hotspot | internet | network | router | smartphone | wi-fi | wifi | wlan | draadloos | netwerk
Symbols	📳	vibration mode | cell | communication | mobile | mode | phone | telephone | vibration | trilstand | communicatie | mobiel | modus | telefoon | trillen
Symbols	📴	mobile phone off | cell | mobile | off | phone | telephone | telefoon uit | mobiel | telefoon | uit
Symbols	♀️	female sign | female | sign | woman | vrouwelijkheidssymbool | vrouw
Symbols	♂️	male sign | male | man | sign | mannelijkheidssymbool
Symbols	⚧️	transgender symbol | symbol | transgender | transgendersymbool
Symbols	✖️	multiply | × | cancel | multiplication | sign | x | vermenigvuldigen | annuleren | teken
Symbols	➕	plus | +
Symbols	➖	minus | - | − | heavy | math | sign | min | dikgedrukt | teken | wiskunde
Symbols	➗	divide | ÷ | division | heavy | math | sign | delen | deling | dikgedrukt | teken | wiskunde
Symbols	🟰	heavy equals sign | answer | equal | equality | equals | heavy | math | sign | vetgedrukt gelijkteken | dikgedrukt | gelijk | gelijkheid | is gelijk aan | teken | uitkomst | wiskunde
Symbols	♾️	infinity | forever | unbounded | universal | oneindig | eeuwig | grenzeloos | universeel
Symbols	‼️	double exclamation mark | ! | !! | bangbang | double | exclamation | mark | punctuation | dubbel uitroepteken | dubbel | interpunctie | teken | uitroep
Symbols	⁉️	exclamation question mark | ! | !? | ? | exclamation | interrobang | mark | punctuation | question | uitroepteken en vraagteken | interpunctie | teken | uitroep | vraag | vraagteken-uitroepteken
Symbols	❓	red question mark | ? | mark | punctuation | question | red | rood vraagteken | interpunctie | rood | teken | vraag
Symbols	❔	white question mark | ? | mark | outlined | punctuation | question | white | wit vraagteken | contour | interpunctie | teken | vraag | wit
Symbols	❕	white exclamation mark | ! | exclamation | mark | outlined | punctuation | white | wit uitroepteken | contour | interpunctie | teken | uitroep | wit
Symbols	❗	red exclamation mark | ! | exclamation | mark | punctuation | red | rood uitroepteken | interpunctie | rood | teken | uitroep
Symbols	〰️	wavy dash | dash | punctuation | wavy | golvend streepje | golvend | interpunctie | streepje
Symbols	💱	currency exchange | bank | currency | exchange | money | geld wisselen | geld | valuta | wisselen
Symbols	💲	heavy dollar sign | billion | cash | charge | currency | dollar | heavy | million | money | pay | sign | vetgedrukt dollarteken | betalen | dikgedrukt dollarteken | dollarteken | geld | munteenheid | valuta
Symbols	⚕️	medical symbol | aesculapius | medical | medicine | staff | symbol | esculaap | medicijnen | medisch | staf | symbool
Symbols	♻️	recycling symbol | recycle | recycling | symbol | recycling-symbool | symbool
Symbols	⚜️	fleur-de-lis | knights | fleur de lis | ridders
Symbols	🔱	trident emblem | anchor | emblem | poseidon | ship | tool | trident | drietand-symbool | anker | drietand | embleem | gereedschap | schip
Symbols	📛	name badge | badge | name | naamkaartje | kaartje | naam
Symbols	🔰	japanese symbol for beginner | beginner | chevron | green | japanese | leaf | symbol | tool | yellow | japans symbool voor beginner | blad | geel | gereedschap | groen | japans | symbool
Symbols	⭕	hollow red circle | circle | heavy | hollow | large | o | red | lege rode cirkel | cirkel | groot | hol | rood | vet
Symbols	✅	check mark button | ✓ | button | check | checked | checkmark | complete | completed | done | fixed | mark | tick | knop voor vinkje | afgevinkt | gedaan | klaar | knop | markeren | vink | vinkje | voltooid
Symbols	☑️	check box with check | ✓ | ballot | box | check | checked | done | off | tick | vinkje in vak | klaar | stem | uit | vak | vink | vinkje
Symbols	✔️	check mark | ✓ | check | checked | checkmark | done | heavy | mark | tick | vinkje | afgevinkt | dikgedrukt | klaar | teken
Symbols	❌	cross mark | × | cancel | cross | mark | multiplication | multiply | x | kruisteken | annuleren | kruis | teken | vermenigvuldigen | vermenigvuldiging
Symbols	❎	cross mark button | × | button | cross | mark | multiplication | multiply | square | x | knop voor kruis | knop | kruis | teken | vermenigvuldigen | vermenigvuldiging | vierkant
Symbols	➰	curly loop | curl | curly | loop | gekrulde lus | gedraaid | lus
Symbols	➿	double curly loop | curl | curly | double | loop | dubbele gekrulde lus | dubbel | krul | krullend | lus
Symbols	〽️	part alternation mark | alternation | mark | part | rolwisselingsmarkering | markering | rolwisseling | teken
Symbols	✳️	eight-spoked asterisk | * | asterisk | eight-spoked | achtpuntige asterisk | achtpuntig
Symbols	✴️	eight-pointed star | * | eight-pointed | star | achtpuntige ster | achtpuntige | ster
Symbols	❇️	sparkle | * | sprankeling
Symbols	©️	copyright | c
Symbols	®️	registered | r | gedeponeerd
Symbols	™️	trade mark | mark | tm | trade | trademark | handelsmerksymbool | handel | handelsmerk | merk
Symbols	#️⃣	keycap: #
Symbols	*️⃣	keycap: *
Symbols	0️⃣	keycap: 0 | 0 | keycap | zero | toets: 0 | nul | toets
Symbols	1️⃣	keycap: 1 | 1 | keycap | one | toets: 1 | een | toets
Symbols	2️⃣	keycap: 2 | 2 | keycap | two | toets: 2 | toets | twee
Symbols	3️⃣	keycap: 3 | 3 | keycap | three | toets: 3 | drie | toets
Symbols	4️⃣	keycap: 4 | 4 | four | keycap | toets: 4 | toets | vier
Symbols	5️⃣	keycap: 5 | 5 | five | keycap | toets: 5 | toets | vijf
Symbols	6️⃣	keycap: 6 | 6 | keycap | six | toets: 6 | toets | zes
Symbols	7️⃣	keycap: 7 | 7 | keycap | seven | toets: 7 | toets | zeven
Symbols	8️⃣	keycap: 8 | 8 | eight | keycap | toets: 8 | acht | toets
Symbols	9️⃣	keycap: 9 | 9 | keycap | nine | toets: 9 | negen | toets
Symbols	🔟	keycap: 10
Symbols	🔠	input latin uppercase | abcd | input | latin | letters | uppercase | hoofdletters | invoeren | latijns
Symbols	🔡	input latin lowercase | abcd | input | latin | letters | lowercase | kleine letters | invoeren | latijns
Symbols	🔢	input numbers | 1234 | input | numbers | cijfers | invoeren
Symbols	🔣	input symbols | & | % | ♪ | 〒 | input | symbols | symbolen | invoeren
Symbols	🔤	input latin letters | abc | alphabet | input | latin | letters | latijns alfabet | alfabet | invoeren | latijns
Symbols	🅰️	a button (blood type) | blood | button | type | bloedgroep a | bloed | groep | knop
Symbols	🆎	ab button (blood type) | ab | blood | button | type | bloedgroep ab | bloed | groep | knop
Symbols	🅱️	b button (blood type) | b | blood | button | type | bloedgroep b | bloed | groep | knop
Symbols	🆑	cl button | button | cl | cl-knop | knop
Symbols	🆒	cool button | button | cool | cool-knop | knop
Symbols	🆓	free button | button | free | free-knop | knop
Symbols	ℹ️	information | i | informatie
Symbols	🆔	id button | button | id | identity | id-knop | identiteit | knop
Symbols	Ⓜ️	circled m | circle | circled | m | m in cirkel | cirkel | in cirkel
Symbols	🆕	new button | button | new | new-knop | knop
Symbols	🆖	ng button | button | ng | ng-knop | knop
Symbols	🅾️	o button (blood type) | blood | button | o | type | bloedgroep o | bloed | groep | knop
Symbols	🆗	ok button | button | ok | okay | ok-knop | knop | oké
Symbols	🅿️	p button | button | p | parking | p-knop | knop | parkeren
Symbols	🆘	sos button | button | help | sos | sos-knop | knop
Symbols	🆙	up! button | button | mark | up | up! | up!-knop | knop | teken
Symbols	🆚	vs button | button | versus | vs | vs-knop | knop
Symbols	🈁	japanese “here” button | button | here | japanese | katakana | japans teken voor ‘hier’ | hier | japans | knop
Symbols	🈂️	japanese “service charge” button | button | charge | japanese | katakana | service | japans teken voor ‘dienstenheffing’ | dienstenheffing | japans | knop
Symbols	🈷️	japanese “monthly amount” button | amount | button | ideograph | japanese | monthly | japans teken voor ‘maandelijks bedrag’ | bedrag | ideogram | japans | knop | maandelijks
Symbols	🈶	japanese “not free of charge” button | button | charge | free | ideograph | japanese | not | japans teken voor ‘niet gratis’ | gratis | ideogram | japans | knop | kosten | niet
Symbols	🈯	japanese “reserved” button | button | ideograph | japanese | reserved | japans teken voor ‘gereserveerd’ | gereserveerd | ideogram | japans | knop
Symbols	🉐	japanese “bargain” button | bargain | button | ideograph | japanese | japans teken voor ‘koopje’ | ideogram | japans | knop | koopje
Symbols	🈹	japanese “discount” button | button | discount | ideograph | japanese | japans teken voor ‘korting’ | ideogram | japans | knop | korting
Symbols	🈚	japanese “free of charge” button | button | charge | free | ideograph | japanese | japans teken voor ‘gratis’ | gratis | ideogram | japans | knop | kosten
Symbols	🈲	japanese “prohibited” button | button | ideograph | japanese | prohibited | japans teken voor ‘verboden’ | ideogram | japans | knop | verboden
Symbols	🉑	japanese “acceptable” button | acceptable | button | ideograph | japanese | japans teken voor ‘acceptabel’ | acceptabel | ideogram | japans | knop
Symbols	🈸	japanese “application” button | application | button | ideograph | japanese | japans teken voor ‘toepassing’ | ideogram | japans | knop | toepassing
Symbols	🈴	japanese “passing grade” button | button | grade | ideograph | japanese | passing | japans teken voor ‘voldoende (cijfer)‘ | cijfer | ideogram | japans | knop | voldoende
Symbols	🈳	japanese “vacancy” button | button | ideograph | japanese | vacancy | japans teken voor ‘plaats vrij’ | ideogram | japans | knop | plaats vrij
Symbols	㊗️	japanese “congratulations” button | button | congratulations | ideograph | japanese | japans teken voor ‘gefeliciteerd’ | gefeliciteerd | ideogram | japans | knop
Symbols	㊙️	japanese “secret” button | button | ideograph | japanese | secret | japans teken voor ‘geheim’ | geheim | ideogram | japans | knop
Symbols	🈺	japanese “open for business” button | business | button | ideograph | japanese | open | japans teken voor ‘geopend’ | bedrijf | ideogram | japans | knop
Symbols	🈵	japanese “no vacancy” button | button | ideograph | japanese | no | vacancy | japans teken voor ‘vol, geen plaats’ | geen | ideogram | japans | knop | plaats
Symbols	🔴	red circle | circle | geometric | red | rode cirkel | cirkel | geometrisch | rood
Symbols	🟠	orange circle | circle | orange | oranje cirkel | cirkel | oranje
Symbols	🟡	yellow circle | circle | yellow | gele cirkel | cirkel | geel
Symbols	🟢	green circle | circle | green | groene cirkel | cirkel | groen
Symbols	🔵	blue circle | blue | circle | geometric | blauwe cirkel | blauw | cirkel | geometrisch
Symbols	🟣	purple circle | circle | purple | paarse cirkel | cirkel | paars
Symbols	🟤	brown circle | brown | circle | bruine cirkel | bruin | cirkel
Symbols	⚫	black circle | black | circle | geometric | zwarte cirkel | cirkel | geometrisch | zwart
Symbols	⚪	white circle | circle | geometric | white | witte cirkel | cirkel | geometrisch | wit
Symbols	🟥	red square | card | penalty | red | square | rood vierkant | kaart | rood | vierkant
Symbols	🟧	orange square | orange | square | oranje vierkant | oranje | vierkant
Symbols	🟨	yellow square | card | penalty | square | yellow | geel vierkant | geel | kaart | vierkant
Symbols	🟩	green square | green | square | groen vierkant | groen | vierkant
Symbols	🟦	blue square | blue | square | blauw vierkant | blauw | vierkant
Symbols	🟪	purple square | purple | square | paars vierkant | paars | vierkant
Symbols	🟫	brown square | brown | square | bruin vierkant | bruin | vierkant
Symbols	⬛	black large square | black | geometric | large | square | groot zwart vierkant | geometrisch | groot | vierkant | zwart
Symbols	⬜	white large square | geometric | large | square | white | groot wit vierkant | geometrisch | groot | vierkant | wit
Symbols	◼️	black medium square | black | geometric | medium | square | middelgroot zwart vierkant | geometrisch | middelgroot | vierkant | zwart
Symbols	◻️	white medium square | geometric | medium | square | white | middelgroot wit vierkant | middelgroot | vierkant | wit
Symbols	◾	black medium-small square | black | geometric | medium-small | square | klein tot middelgroot zwart vierkant | geometrisch | klein tot middelgroot | vierkant | zwart
Symbols	◽	white medium-small square | geometric | medium-small | square | white | klein tot middelgroot wit vierkant | geometrisch | klein tot middelgroot | vierkant | wit
Symbols	▪️	black small square | black | geometric | small | square | klein zwart vierkant | geometrisch | klein | vierkant | zwart
Symbols	▫️	white small square | geometric | small | square | white | klein wit vierkant | geometrisch | klein | vierkant | wit
Symbols	🔶	large orange diamond | diamond | geometric | large | orange | grote oranje ruit | diamant | geometrisch | groot | oranje
Symbols	🔷	large blue diamond | blue | diamond | geometric | large | grote blauwe ruit | blauw | diamant | geometrisch | groot
Symbols	🔸	small orange diamond | diamond | geometric | orange | small | kleine oranje ruit | diamant | geometrisch | klein | oranje
Symbols	🔹	small blue diamond | blue | diamond | geometric | small | kleine blauwe ruit | blauw | diamant | geometrisch | klein
Symbols	🔺	red triangle pointed up | geometric | pointed | red | triangle | up | rode omhoogwijzende driehoek | driehoek | geometrisch | omhoog | rood | wijzend
Symbols	🔻	red triangle pointed down | down | geometric | pointed | red | triangle | rode omlaagwijzende driehoek | driehoek | geometrisch | omlaag | rood | wijzend
Symbols	💠	diamond with a dot | comic | diamond | dot | geometric | ruitvorm met stip erin | diamant | geometrisch | stip | strip
Symbols	🔘	radio button | button | geometric | radio | keuzerondje | geometrisch | knop
Symbols	🔳	white square button | button | geometric | outlined | square | white | witte vierkante knop | geometrisch | knop | omlijnd | vierkant | wit
Symbols	🔲	black square button | black | button | geometric | square | zwarte vierkante knop | geometrisch | knop | vierkant | zwart
Flags	🏁	chequered flag | checkered | chequered | finish | flag | flags | game | race | racing | sport | win | geblokte vlag | formule 1 | geblokt | racen | vlag
Flags	🚩	triangular flag | construction | flag | golf | post | triangular | driehoekige vlag | locatie | puntvlag | vlag
Flags	🎌	crossed flags | celebration | cross | crossed | flags | japanese | gekruiste vlaggen | feest | gekruist | japans | kruis
Flags	🏴	black flag | black | flag | waving | zwarte vlag | vlag | wapperend | zwart
Flags	🏳️	white flag | flag | waving | white | witte vlag | vlag | wapperend | wit
Flags	🏳️‍🌈	rainbow flag | bisexual | flag | gay | genderqueer | glbt | glbtq | lesbian | lgbt | lgbtq | lgbtqia | pride | queer | rainbow | trans | transgender | regenboogvlag | biseksueel | homoseksueel | lesbisch | lhbt | regenboog | twijfelend | vlag
Flags	🏳️‍⚧️	transgender flag | blue | flag | light | pink | transgender | white | transgendervlag | lichtblauw | roze | vlag | wit
Flags	🏴‍☠️	pirate flag | flag | jolly | pirate | plunder | roger | treasure | piratenvlag | jolly roger | piraat | plunderen | schat
Flags	🇦🇨	flag: ascension island
Flags	🇦🇩	flag: andorra
Flags	🇦🇪	flag: united arab emirates
Flags	🇦🇫	flag: afghanistan
Flags	🇦🇬	flag: antigua & barbuda
Flags	🇦🇮	flag: anguilla
Flags	🇦🇱	flag: albania
Flags	🇦🇲	flag: armenia
Flags	🇦🇴	flag: angola
Flags	🇦🇶	flag: antarctica
Flags	🇦🇷	flag: argentina
Flags	🇦🇸	flag: american samoa
Flags	🇦🇹	flag: austria
Flags	🇦🇺	flag: australia
Flags	🇦🇼	flag: aruba
Flags	🇦🇽	flag: åland islands
Flags	🇦🇿	flag: azerbaijan
Flags	🇧🇦	flag: bosnia & herzegovina
Flags	🇧🇧	flag: barbados
Flags	🇧🇩	flag: bangladesh
Flags	🇧🇪	flag: belgium
Flags	🇧🇫	flag: burkina faso
Flags	🇧🇬	flag: bulgaria
Flags	🇧🇭	flag: bahrain
Flags	🇧🇮	flag: burundi
Flags	🇧🇯	flag: benin
Flags	🇧🇱	flag: st. barthélemy
Flags	🇧🇲	flag: bermuda
Flags	🇧🇳	flag: brunei
Flags	🇧🇴	flag: bolivia
Flags	🇧🇶	flag: caribbean netherlands
Flags	🇧🇷	flag: brazil
Flags	🇧🇸	flag: bahamas
Flags	🇧🇹	flag: bhutan
Flags	🇧🇻	flag: bouvet island
Flags	🇧🇼	flag: botswana
Flags	🇧🇾	flag: belarus
Flags	🇧🇿	flag: belize
Flags	🇨🇦	flag: canada
Flags	🇨🇨	flag: cocos (keeling) islands
Flags	🇨🇩	flag: congo - kinshasa
Flags	🇨🇫	flag: central african republic
Flags	🇨🇬	flag: congo - brazzaville
Flags	🇨🇭	flag: switzerland
Flags	🇨🇮	flag: côte d’ivoire
Flags	🇨🇰	flag: cook islands
Flags	🇨🇱	flag: chile
Flags	🇨🇲	flag: cameroon
Flags	🇨🇳	flag: china
Flags	🇨🇴	flag: colombia
Flags	🇨🇵	flag: clipperton island
Flags	🇨🇷	flag: costa rica
Flags	🇨🇺	flag: cuba
Flags	🇨🇻	flag: cape verde
Flags	🇨🇼	flag: curaçao
Flags	🇨🇽	flag: christmas island
Flags	🇨🇾	flag: cyprus
Flags	🇨🇿	flag: czechia
Flags	🇩🇪	flag: germany
Flags	🇩🇬	flag: diego garcia
Flags	🇩🇯	flag: djibouti
Flags	🇩🇰	flag: denmark
Flags	🇩🇲	flag: dominica
Flags	🇩🇴	flag: dominican republic
Flags	🇩🇿	flag: algeria
Flags	🇪🇦	flag: ceuta & melilla
Flags	🇪🇨	flag: ecuador
Flags	🇪🇪	flag: estonia
Flags	🇪🇬	flag: egypt
Flags	🇪🇭	flag: western sahara
Flags	🇪🇷	flag: eritrea
Flags	🇪🇸	flag: spain
Flags	🇪🇹	flag: ethiopia
Flags	🇪🇺	flag: european union
Flags	🇫🇮	flag: finland
Flags	🇫🇯	flag: fiji
Flags	🇫🇰	flag: falkland islands
Flags	🇫🇲	flag: micronesia
Flags	🇫🇴	flag: faroe islands
Flags	🇫🇷	flag: france
Flags	🇬🇦	flag: gabon
Flags	🇬🇧	flag: united kingdom
Flags	🇬🇩	flag: grenada
Flags	🇬🇪	flag: georgia
Flags	🇬🇫	flag: french guiana
Flags	🇬🇬	flag: guernsey
Flags	🇬🇭	flag: ghana
Flags	🇬🇮	flag: gibraltar
Flags	🇬🇱	flag: greenland
Flags	🇬🇲	flag: gambia
Flags	🇬🇳	flag: guinea
Flags	🇬🇵	flag: guadeloupe
Flags	🇬🇶	flag: equatorial guinea
Flags	🇬🇷	flag: greece
Flags	🇬🇸	flag: south georgia & south sandwich islands
Flags	🇬🇹	flag: guatemala
Flags	🇬🇺	flag: guam
Flags	🇬🇼	flag: guinea-bissau
Flags	🇬🇾	flag: guyana
Flags	🇭🇰	flag: hong kong sar china
Flags	🇭🇲	flag: heard & mcdonald islands
Flags	🇭🇳	flag: honduras
Flags	🇭🇷	flag: croatia
Flags	🇭🇹	flag: haiti
Flags	🇭🇺	flag: hungary
Flags	🇮🇨	flag: canary islands
Flags	🇮🇩	flag: indonesia
Flags	🇮🇪	flag: ireland
Flags	🇮🇱	flag: israel
Flags	🇮🇲	flag: isle of man
Flags	🇮🇳	flag: india
Flags	🇮🇴	flag: british indian ocean territory
Flags	🇮🇶	flag: iraq
Flags	🇮🇷	flag: iran
Flags	🇮🇸	flag: iceland
Flags	🇮🇹	flag: italy
Flags	🇯🇪	flag: jersey
Flags	🇯🇲	flag: jamaica
Flags	🇯🇴	flag: jordan
Flags	🇯🇵	flag: japan
Flags	🇰🇪	flag: kenya
Flags	🇰🇬	flag: kyrgyzstan
Flags	🇰🇭	flag: cambodia
Flags	🇰🇮	flag: kiribati
Flags	🇰🇲	flag: comoros
Flags	🇰🇳	flag: st. kitts & nevis
Flags	🇰🇵	flag: north korea
Flags	🇰🇷	flag: south korea
Flags	🇰🇼	flag: kuwait
Flags	🇰🇾	flag: cayman islands
Flags	🇰🇿	flag: kazakhstan
Flags	🇱🇦	flag: laos
Flags	🇱🇧	flag: lebanon
Flags	🇱🇨	flag: st. lucia
Flags	🇱🇮	flag: liechtenstein
Flags	🇱🇰	flag: sri lanka
Flags	🇱🇷	flag: liberia
Flags	🇱🇸	flag: lesotho
Flags	🇱🇹	flag: lithuania
Flags	🇱🇺	flag: luxembourg
Flags	🇱🇻	flag: latvia
Flags	🇱🇾	flag: libya
Flags	🇲🇦	flag: morocco
Flags	🇲🇨	flag: monaco
Flags	🇲🇩	flag: moldova
Flags	🇲🇪	flag: montenegro
Flags	🇲🇫	flag: st. martin
Flags	🇲🇬	flag: madagascar
Flags	🇲🇭	flag: marshall islands
Flags	🇲🇰	flag: north macedonia
Flags	🇲🇱	flag: mali
Flags	🇲🇲	flag: myanmar (burma)
Flags	🇲🇳	flag: mongolia
Flags	🇲🇴	flag: macao sar china
Flags	🇲🇵	flag: northern mariana islands
Flags	🇲🇶	flag: martinique
Flags	🇲🇷	flag: mauritania
Flags	🇲🇸	flag: montserrat
Flags	🇲🇹	flag: malta
Flags	🇲🇺	flag: mauritius
Flags	🇲🇻	flag: maldives
Flags	🇲🇼	flag: malawi
Flags	🇲🇽	flag: mexico
Flags	🇲🇾	flag: malaysia
Flags	🇲🇿	flag: mozambique
Flags	🇳🇦	flag: namibia
Flags	🇳🇨	flag: new caledonia
Flags	🇳🇪	flag: niger
Flags	🇳🇫	flag: norfolk island
Flags	🇳🇬	flag: nigeria
Flags	🇳🇮	flag: nicaragua
Flags	🇳🇱	flag: netherlands
Flags	🇳🇴	flag: norway
Flags	🇳🇵	flag: nepal
Flags	🇳🇷	flag: nauru
Flags	🇳🇺	flag: niue
Flags	🇳🇿	flag: new zealand
Flags	🇴🇲	flag: oman
Flags	🇵🇦	flag: panama
Flags	🇵🇪	flag: peru
Flags	🇵🇫	flag: french polynesia
Flags	🇵🇬	flag: papua new guinea
Flags	🇵🇭	flag: philippines
Flags	🇵🇰	flag: pakistan
Flags	🇵🇱	flag: poland
Flags	🇵🇲	flag: st. pierre & miquelon
Flags	🇵🇳	flag: pitcairn islands
Flags	🇵🇷	flag: puerto rico
Flags	🇵🇸	flag: palestinian territories
Flags	🇵🇹	flag: portugal
Flags	🇵🇼	flag: palau
Flags	🇵🇾	flag: paraguay
Flags	🇶🇦	flag: qatar
Flags	🇷🇪	flag: réunion
Flags	🇷🇴	flag: romania
Flags	🇷🇸	flag: serbia
Flags	🇷🇺	flag: russia
Flags	🇷🇼	flag: rwanda
Flags	🇸🇦	flag: saudi arabia
Flags	🇸🇧	flag: solomon islands
Flags	🇸🇨	flag: seychelles
Flags	🇸🇩	flag: sudan
Flags	🇸🇪	flag: sweden
Flags	🇸🇬	flag: singapore
Flags	🇸🇭	flag: st. helena
Flags	🇸🇮	flag: slovenia
Flags	🇸🇯	flag: svalbard & jan mayen
Flags	🇸🇰	flag: slovakia
Flags	🇸🇱	flag: sierra leone
Flags	🇸🇲	flag: san marino
Flags	🇸🇳	flag: senegal
Flags	🇸🇴	flag: somalia
Flags	🇸🇷	flag: suriname
Flags	🇸🇸	flag: south sudan
Flags	🇸🇹	flag: são tomé & príncipe
Flags	🇸🇻	flag: el salvador
Flags	🇸🇽	flag: sint maarten
Flags	🇸🇾	flag: syria
Flags	🇸🇿	flag: eswatini
Flags	🇹🇦	flag: tristan da cunha
Flags	🇹🇨	flag: turks & caicos islands
Flags	🇹🇩	flag: chad
Flags	🇹🇫	flag: french southern territories
Flags	🇹🇬	flag: togo
Flags	🇹🇭	flag: thailand
Flags	🇹🇯	flag: tajikistan
Flags	🇹🇰	flag: tokelau
Flags	🇹🇱	flag: timor-leste
Flags	🇹🇲	flag: turkmenistan
Flags	🇹🇳	flag: tunisia
Flags	🇹🇴	flag: tonga
Flags	🇹🇷	flag: türkiye
Flags	🇹🇹	flag: trinidad & tobago
Flags	🇹🇻	flag: tuvalu
Flags	🇹🇼	flag: taiwan
Flags	🇹🇿	flag: tanzania
Flags	🇺🇦	flag: ukraine
Flags	🇺🇬	flag: uganda
Flags	🇺🇲	flag: u.s. outlying islands
Flags	🇺🇳	flag: united nations
Flags	🇺🇸	flag: united states
Flags	🇺🇾	flag: uruguay
Flags	🇺🇿	flag: uzbekistan
Flags	🇻🇦	flag: vatican city
Flags	🇻🇨	flag: st. vincent & grenadines
Flags	🇻🇪	flag: venezuela
Flags	🇻🇬	flag: british virgin islands
Flags	🇻🇮	flag: u.s. virgin islands
Flags	🇻🇳	flag: vietnam
Flags	🇻🇺	flag: vanuatu
Flags	🇼🇫	flag: wallis & futuna
Flags	🇼🇸	flag: samoa
Flags	🇽🇰	flag: kosovo
Flags	🇾🇪	flag: yemen
Flags	🇾🇹	flag: mayotte
Flags	🇿🇦	flag: south africa
Flags	🇿🇲	flag: zambia
Flags	🇿🇼	flag: zimbabwe
Flags	🏴󠁧󠁢󠁥󠁮󠁧󠁿	flag: england
Flags	🏴󠁧󠁢󠁳󠁣󠁴󠁿	flag: scotland
Flags	🏴󠁧󠁢󠁷󠁬󠁳󠁿	flag: wales
